CanonicalHyperCubeSet time,Z3ProductSet time,CanonicalHyperCubeSet outcome,Z3ProductSet outcome,description
6.829999620094895e-05,0.04719549999572337,False,False,"<allow_list=[{'src_ports': [(30000, 32767)], 'negate_src_ports': False, 'dst_ports': [(30000, 32767)], 'negate_dst_ports': False, 'methods': None, 'negate_methods': False, 'paths': None, 'negate_paths': False, 'hosts': None, 'negate_hosts': False}]; deny_list=[]>"
3.940000897273421e-05,0.008087099995464087,False,False,"<allow_list=[{'src_ports': [9050], 'negate_src_ports': False, 'dst_ports': [9000], 'negate_dst_ports': False, 'methods': None, 'negate_methods': False, 'paths': None, 'negate_paths': False, 'hosts': None, 'negate_hosts': False}]; deny_list=[]>"
3.609998384490609e-05,0.007377399946562946,False,False,"<allow_list=[{'src_ports': [5555], 'negate_src_ports': False, 'dst_ports': [5555], 'negate_dst_ports': False, 'methods': None, 'negate_methods': False, 'paths': None, 'negate_paths': False, 'hosts': None, 'negate_hosts': False}]; deny_list=[]>"
2.4699955247342587e-05,0.008680500031914562,False,False,"<allow_list=[{'src_ports': [3456], 'negate_src_ports': False, 'dst_ports': None, 'negate_dst_ports': False, 'methods': None, 'negate_methods': False, 'paths': None, 'negate_paths': False, 'hosts': None, 'negate_hosts': False}]; deny_list=[]>"
2.3800006601959467e-05,0.0068314000382088125,False,False,"<allow_list=[{'src_ports': None, 'negate_src_ports': False, 'dst_ports': [6543], 'negate_dst_ports': False, 'methods': None, 'negate_methods': False, 'paths': None, 'negate_paths': False, 'hosts': None, 'negate_hosts': False}]; deny_list=[]>"
4.409998655319214e-05,0.00798890000442043,False,False,"<allow_list=[{'src_ports': [(0, 1024)], 'negate_src_ports': True, 'dst_ports': [(0, 1024)], 'negate_dst_ports': True, 'methods': None, 'negate_methods': False, 'paths': None, 'negate_paths': False, 'hosts': None, 'negate_hosts': False}]; deny_list=[]>"
0.014785300008952618,0.011381899996194988,False,False,"<allow_list=[{'src_ports': None, 'negate_src_ports': False, 'dst_ports': None, 'negate_dst_ports': False, 'methods': ['GET'], 'negate_methods': False, 'paths': ['/info*'], 'negate_paths': False, 'hosts': None, 'negate_hosts': False}]; deny_list=[]>"
0.001556800038088113,0.009527900023385882,False,False,"<allow_list=[{'src_ports': None, 'negate_src_ports': False, 'dst_ports': None, 'negate_dst_ports': False, 'methods': ['POST'], 'negate_methods': False, 'paths': ['/data'], 'negate_paths': False, 'hosts': None, 'negate_hosts': False}]; deny_list=[]>"
0.1362370999995619,0.009091699961572886,False,False,"<allow_list=[{'src_ports': None, 'negate_src_ports': False, 'dst_ports': None, 'negate_dst_ports': False, 'methods': ['GET', 'HEAD'], 'negate_methods': False, 'paths': ['/admin*'], 'negate_paths': True, 'hosts': ['*.example.com'], 'negate_hosts': False}]; deny_list=[]>"
0.00010840001050382853,0.009074500005226582,False,False,"<allow_list=[{'src_ports': [(30000, 32767)], 'negate_src_ports': False, 'dst_ports': [(30000, 32767)], 'negate_dst_ports': False, 'methods': None, 'negate_methods': False, 'paths': None, 'negate_paths': False, 'hosts': None, 'negate_hosts': False}, {'src_ports': [9050], 'negate_src_ports': False, 'dst_ports': [9000], 'negate_dst_ports': False, 'methods': None, 'negate_methods': False, 'paths': None, 'negate_paths': False, 'hosts': None, 'negate_hosts': False}]; deny_list=[]>"
0.00015199999324977398,0.008032299985643476,False,False,"<allow_list=[{'src_ports': [(30000, 32767)], 'negate_src_ports': False, 'dst_ports': [(30000, 32767)], 'negate_dst_ports': False, 'methods': None, 'negate_methods': False, 'paths': None, 'negate_paths': False, 'hosts': None, 'negate_hosts': False}, {'src_ports': [9050], 'negate_src_ports': False, 'dst_ports': [9000], 'negate_dst_ports': False, 'methods': None, 'negate_methods': False, 'paths': None, 'negate_paths': False, 'hosts': None, 'negate_hosts': False}, {'src_ports': [5555], 'negate_src_ports': False, 'dst_ports': [5555], 'negate_dst_ports': False, 'methods': None, 'negate_methods': False, 'paths': None, 'negate_paths': False, 'hosts': None, 'negate_hosts': False}]; deny_list=[]>"
0.00022469996474683285,0.008160099969245493,False,False,"<allow_list=[{'src_ports': [(30000, 32767)], 'negate_src_ports': False, 'dst_ports': [(30000, 32767)], 'negate_dst_ports': False, 'methods': None, 'negate_methods': False, 'paths': None, 'negate_paths': False, 'hosts': None, 'negate_hosts': False}, {'src_ports': [9050], 'negate_src_ports': False, 'dst_ports': [9000], 'negate_dst_ports': False, 'methods': None, 'negate_methods': False, 'paths': None, 'negate_paths': False, 'hosts': None, 'negate_hosts': False}, {'src_ports': [5555], 'negate_src_ports': False, 'dst_ports': [5555], 'negate_dst_ports': False, 'methods': None, 'negate_methods': False, 'paths': None, 'negate_paths': False, 'hosts': None, 'negate_hosts': False}, {'src_ports': [3456], 'negate_src_ports': False, 'dst_ports': None, 'negate_dst_ports': False, 'methods': None, 'negate_methods': False, 'paths': None, 'negate_paths': False, 'hosts': None, 'negate_hosts': False}]; deny_list=[]>"
0.0003996000159531832,0.008464200014714152,False,False,"<allow_list=[{'src_ports': [(30000, 32767)], 'negate_src_ports': False, 'dst_ports': [(30000, 32767)], 'negate_dst_ports': False, 'methods': None, 'negate_methods': False, 'paths': None, 'negate_paths': False, 'hosts': None, 'negate_hosts': False}, {'src_ports': [9050], 'negate_src_ports': False, 'dst_ports': [9000], 'negate_dst_ports': False, 'methods': None, 'negate_methods': False, 'paths': None, 'negate_paths': False, 'hosts': None, 'negate_hosts': False}, {'src_ports': [5555], 'negate_src_ports': False, 'dst_ports': [5555], 'negate_dst_ports': False, 'methods': None, 'negate_methods': False, 'paths': None, 'negate_paths': False, 'hosts': None, 'negate_hosts': False}, {'src_ports': [3456], 'negate_src_ports': False, 'dst_ports': None, 'negate_dst_ports': False, 'methods': None, 'negate_methods': False, 'paths': None, 'negate_paths': False, 'hosts': None, 'negate_hosts': False}, {'src_ports': None, 'negate_src_ports': False, 'dst_ports': [6543], 'negate_dst_ports': False, 'methods': None, 'negate_methods': False, 'paths': None, 'negate_paths': False, 'hosts': None, 'negate_hosts': False}]; deny_list=[]>"
0.0006590000120922923,0.010543900018092245,False,False,"<allow_list=[{'src_ports': [(30000, 32767)], 'negate_src_ports': False, 'dst_ports': [(30000, 32767)], 'negate_dst_ports': False, 'methods': None, 'negate_methods': False, 'paths': None, 'negate_paths': False, 'hosts': None, 'negate_hosts': False}, {'src_ports': [9050], 'negate_src_ports': False, 'dst_ports': [9000], 'negate_dst_ports': False, 'methods': None, 'negate_methods': False, 'paths': None, 'negate_paths': False, 'hosts': None, 'negate_hosts': False}, {'src_ports': [5555], 'negate_src_ports': False, 'dst_ports': [5555], 'negate_dst_ports': False, 'methods': None, 'negate_methods': False, 'paths': None, 'negate_paths': False, 'hosts': None, 'negate_hosts': False}, {'src_ports': [3456], 'negate_src_ports': False, 'dst_ports': None, 'negate_dst_ports': False, 'methods': None, 'negate_methods': False, 'paths': None, 'negate_paths': False, 'hosts': None, 'negate_hosts': False}, {'src_ports': None, 'negate_src_ports': False, 'dst_ports': [6543], 'negate_dst_ports': False, 'methods': None, 'negate_methods': False, 'paths': None, 'negate_paths': False, 'hosts': None, 'negate_hosts': False}, {'src_ports': [(0, 1024)], 'negate_src_ports': True, 'dst_ports': [(0, 1024)], 'negate_dst_ports': True, 'methods': None, 'negate_methods': False, 'paths': None, 'negate_paths': False, 'hosts': None, 'negate_hosts': False}]; deny_list=[]>"
0.005652599968016148,0.010208399966359138,False,False,"<allow_list=[{'src_ports': [(30000, 32767)], 'negate_src_ports': False, 'dst_ports': [(30000, 32767)], 'negate_dst_ports': False, 'methods': None, 'negate_methods': False, 'paths': None, 'negate_paths': False, 'hosts': None, 'negate_hosts': False}, {'src_ports': [9050], 'negate_src_ports': False, 'dst_ports': [9000], 'negate_dst_ports': False, 'methods': None, 'negate_methods': False, 'paths': None, 'negate_paths': False, 'hosts': None, 'negate_hosts': False}, {'src_ports': [5555], 'negate_src_ports': False, 'dst_ports': [5555], 'negate_dst_ports': False, 'methods': None, 'negate_methods': False, 'paths': None, 'negate_paths': False, 'hosts': None, 'negate_hosts': False}, {'src_ports': [3456], 'negate_src_ports': False, 'dst_ports': None, 'negate_dst_ports': False, 'methods': None, 'negate_methods': False, 'paths': None, 'negate_paths': False, 'hosts': None, 'negate_hosts': False}, {'src_ports': None, 'negate_src_ports': False, 'dst_ports': [6543], 'negate_dst_ports': False, 'methods': None, 'negate_methods': False, 'paths': None, 'negate_paths': False, 'hosts': None, 'negate_hosts': False}, {'src_ports': [(0, 1024)], 'negate_src_ports': True, 'dst_ports': [(0, 1024)], 'negate_dst_ports': True, 'methods': None, 'negate_methods': False, 'paths': None, 'negate_paths': False, 'hosts': None, 'negate_hosts': False}, {'src_ports': None, 'negate_src_ports': False, 'dst_ports': None, 'negate_dst_ports': False, 'methods': ['GET'], 'negate_methods': False, 'paths': ['/info*'], 'negate_paths': False, 'hosts': None, 'negate_hosts': False}]; deny_list=[]>"
0.013470199948642403,0.010748600005172193,False,False,"<allow_list=[{'src_ports': [(30000, 32767)], 'negate_src_ports': False, 'dst_ports': [(30000, 32767)], 'negate_dst_ports': False, 'methods': None, 'negate_methods': False, 'paths': None, 'negate_paths': False, 'hosts': None, 'negate_hosts': False}, {'src_ports': [9050], 'negate_src_ports': False, 'dst_ports': [9000], 'negate_dst_ports': False, 'methods': None, 'negate_methods': False, 'paths': None, 'negate_paths': False, 'hosts': None, 'negate_hosts': False}, {'src_ports': [5555], 'negate_src_ports': False, 'dst_ports': [5555], 'negate_dst_ports': False, 'methods': None, 'negate_methods': False, 'paths': None, 'negate_paths': False, 'hosts': None, 'negate_hosts': False}, {'src_ports': [3456], 'negate_src_ports': False, 'dst_ports': None, 'negate_dst_ports': False, 'methods': None, 'negate_methods': False, 'paths': None, 'negate_paths': False, 'hosts': None, 'negate_hosts': False}, {'src_ports': None, 'negate_src_ports': False, 'dst_ports': [6543], 'negate_dst_ports': False, 'methods': None, 'negate_methods': False, 'paths': None, 'negate_paths': False, 'hosts': None, 'negate_hosts': False}, {'src_ports': [(0, 1024)], 'negate_src_ports': True, 'dst_ports': [(0, 1024)], 'negate_dst_ports': True, 'methods': None, 'negate_methods': False, 'paths': None, 'negate_paths': False, 'hosts': None, 'negate_hosts': False}, {'src_ports': None, 'negate_src_ports': False, 'dst_ports': None, 'negate_dst_ports': False, 'methods': ['GET'], 'negate_methods': False, 'paths': ['/info*'], 'negate_paths': False, 'hosts': None, 'negate_hosts': False}, {'src_ports': None, 'negate_src_ports': False, 'dst_ports': None, 'negate_dst_ports': False, 'methods': ['POST'], 'negate_methods': False, 'paths': ['/data'], 'negate_paths': False, 'hosts': None, 'negate_hosts': False}]; deny_list=[]>"
0.12912980001419783,0.0161583999870345,False,False,"<allow_list=[{'src_ports': [(30000, 32767)], 'negate_src_ports': False, 'dst_ports': [(30000, 32767)], 'negate_dst_ports': False, 'methods': None, 'negate_methods': False, 'paths': None, 'negate_paths': False, 'hosts': None, 'negate_hosts': False}, {'src_ports': [9050], 'negate_src_ports': False, 'dst_ports': [9000], 'negate_dst_ports': False, 'methods': None, 'negate_methods': False, 'paths': None, 'negate_paths': False, 'hosts': None, 'negate_hosts': False}, {'src_ports': [5555], 'negate_src_ports': False, 'dst_ports': [5555], 'negate_dst_ports': False, 'methods': None, 'negate_methods': False, 'paths': None, 'negate_paths': False, 'hosts': None, 'negate_hosts': False}, {'src_ports': [3456], 'negate_src_ports': False, 'dst_ports': None, 'negate_dst_ports': False, 'methods': None, 'negate_methods': False, 'paths': None, 'negate_paths': False, 'hosts': None, 'negate_hosts': False}, {'src_ports': None, 'negate_src_ports': False, 'dst_ports': [6543], 'negate_dst_ports': False, 'methods': None, 'negate_methods': False, 'paths': None, 'negate_paths': False, 'hosts': None, 'negate_hosts': False}, {'src_ports': [(0, 1024)], 'negate_src_ports': True, 'dst_ports': [(0, 1024)], 'negate_dst_ports': True, 'methods': None, 'negate_methods': False, 'paths': None, 'negate_paths': False, 'hosts': None, 'negate_hosts': False}, {'src_ports': None, 'negate_src_ports': False, 'dst_ports': None, 'negate_dst_ports': False, 'methods': ['GET'], 'negate_methods': False, 'paths': ['/info*'], 'negate_paths': False, 'hosts': None, 'negate_hosts': False}, {'src_ports': None, 'negate_src_ports': False, 'dst_ports': None, 'negate_dst_ports': False, 'methods': ['POST'], 'negate_methods': False, 'paths': ['/data'], 'negate_paths': False, 'hosts': None, 'negate_hosts': False}, {'src_ports': None, 'negate_src_ports': False, 'dst_ports': None, 'negate_dst_ports': False, 'methods': ['GET', 'HEAD'], 'negate_methods': False, 'paths': ['/admin*'], 'negate_paths': True, 'hosts': ['*.example.com'], 'negate_hosts': False}]; deny_list=[]>"
0.006008800002746284,0.012943100009579211,True,True,"<allow_list=[{'src_ports': [(30000, 32767)], 'negate_src_ports': False, 'dst_ports': [(30000, 32767)], 'negate_dst_ports': False, 'methods': None, 'negate_methods': False, 'paths': None, 'negate_paths': False, 'hosts': None, 'negate_hosts': False}]; deny_list=[{'src_ports': [9050], 'negate_src_ports': False, 'dst_ports': [9000], 'negate_dst_ports': False, 'methods': None, 'negate_methods': False, 'paths': None, 'negate_paths': False, 'hosts': None, 'negate_hosts': False}, {'src_ports': [5555], 'negate_src_ports': False, 'dst_ports': [5555], 'negate_dst_ports': False, 'methods': None, 'negate_methods': False, 'paths': None, 'negate_paths': False, 'hosts': None, 'negate_hosts': False}, {'src_ports': [3456], 'negate_src_ports': False, 'dst_ports': None, 'negate_dst_ports': False, 'methods': None, 'negate_methods': False, 'paths': None, 'negate_paths': False, 'hosts': None, 'negate_hosts': False}, {'src_ports': None, 'negate_src_ports': False, 'dst_ports': [6543], 'negate_dst_ports': False, 'methods': None, 'negate_methods': False, 'paths': None, 'negate_paths': False, 'hosts': None, 'negate_hosts': False}, {'src_ports': [(0, 1024)], 'negate_src_ports': True, 'dst_ports': [(0, 1024)], 'negate_dst_ports': True, 'methods': None, 'negate_methods': False, 'paths': None, 'negate_paths': False, 'hosts': None, 'negate_hosts': False}, {'src_ports': None, 'negate_src_ports': False, 'dst_ports': None, 'negate_dst_ports': False, 'methods': ['GET'], 'negate_methods': False, 'paths': ['/info*'], 'negate_paths': False, 'hosts': None, 'negate_hosts': False}, {'src_ports': None, 'negate_src_ports': False, 'dst_ports': None, 'negate_dst_ports': False, 'methods': ['POST'], 'negate_methods': False, 'paths': ['/data'], 'negate_paths': False, 'hosts': None, 'negate_hosts': False}, {'src_ports': None, 'negate_src_ports': False, 'dst_ports': None, 'negate_dst_ports': False, 'methods': ['GET', 'HEAD'], 'negate_methods': False, 'paths': ['/admin*'], 'negate_paths': True, 'hosts': ['*.example.com'], 'negate_hosts': False}]>"
0.005678699992131442,0.014735300035681576,True,True,"<allow_list=[{'src_ports': [(30000, 32767)], 'negate_src_ports': False, 'dst_ports': [(30000, 32767)], 'negate_dst_ports': False, 'methods': None, 'negate_methods': False, 'paths': None, 'negate_paths': False, 'hosts': None, 'negate_hosts': False}, {'src_ports': [9050], 'negate_src_ports': False, 'dst_ports': [9000], 'negate_dst_ports': False, 'methods': None, 'negate_methods': False, 'paths': None, 'negate_paths': False, 'hosts': None, 'negate_hosts': False}]; deny_list=[{'src_ports': [5555], 'negate_src_ports': False, 'dst_ports': [5555], 'negate_dst_ports': False, 'methods': None, 'negate_methods': False, 'paths': None, 'negate_paths': False, 'hosts': None, 'negate_hosts': False}, {'src_ports': [3456], 'negate_src_ports': False, 'dst_ports': None, 'negate_dst_ports': False, 'methods': None, 'negate_methods': False, 'paths': None, 'negate_paths': False, 'hosts': None, 'negate_hosts': False}, {'src_ports': None, 'negate_src_ports': False, 'dst_ports': [6543], 'negate_dst_ports': False, 'methods': None, 'negate_methods': False, 'paths': None, 'negate_paths': False, 'hosts': None, 'negate_hosts': False}, {'src_ports': [(0, 1024)], 'negate_src_ports': True, 'dst_ports': [(0, 1024)], 'negate_dst_ports': True, 'methods': None, 'negate_methods': False, 'paths': None, 'negate_paths': False, 'hosts': None, 'negate_hosts': False}, {'src_ports': None, 'negate_src_ports': False, 'dst_ports': None, 'negate_dst_ports': False, 'methods': ['GET'], 'negate_methods': False, 'paths': ['/info*'], 'negate_paths': False, 'hosts': None, 'negate_hosts': False}, {'src_ports': None, 'negate_src_ports': False, 'dst_ports': None, 'negate_dst_ports': False, 'methods': ['POST'], 'negate_methods': False, 'paths': ['/data'], 'negate_paths': False, 'hosts': None, 'negate_hosts': False}, {'src_ports': None, 'negate_src_ports': False, 'dst_ports': None, 'negate_dst_ports': False, 'methods': ['GET', 'HEAD'], 'negate_methods': False, 'paths': ['/admin*'], 'negate_paths': True, 'hosts': ['*.example.com'], 'negate_hosts': False}]>"
0.005980400019325316,0.013170499994885176,True,True,"<allow_list=[{'src_ports': [(30000, 32767)], 'negate_src_ports': False, 'dst_ports': [(30000, 32767)], 'negate_dst_ports': False, 'methods': None, 'negate_methods': False, 'paths': None, 'negate_paths': False, 'hosts': None, 'negate_hosts': False}, {'src_ports': [9050], 'negate_src_ports': False, 'dst_ports': [9000], 'negate_dst_ports': False, 'methods': None, 'negate_methods': False, 'paths': None, 'negate_paths': False, 'hosts': None, 'negate_hosts': False}, {'src_ports': [5555], 'negate_src_ports': False, 'dst_ports': [5555], 'negate_dst_ports': False, 'methods': None, 'negate_methods': False, 'paths': None, 'negate_paths': False, 'hosts': None, 'negate_hosts': False}]; deny_list=[{'src_ports': [3456], 'negate_src_ports': False, 'dst_ports': None, 'negate_dst_ports': False, 'methods': None, 'negate_methods': False, 'paths': None, 'negate_paths': False, 'hosts': None, 'negate_hosts': False}, {'src_ports': None, 'negate_src_ports': False, 'dst_ports': [6543], 'negate_dst_ports': False, 'methods': None, 'negate_methods': False, 'paths': None, 'negate_paths': False, 'hosts': None, 'negate_hosts': False}, {'src_ports': [(0, 1024)], 'negate_src_ports': True, 'dst_ports': [(0, 1024)], 'negate_dst_ports': True, 'methods': None, 'negate_methods': False, 'paths': None, 'negate_paths': False, 'hosts': None, 'negate_hosts': False}, {'src_ports': None, 'negate_src_ports': False, 'dst_ports': None, 'negate_dst_ports': False, 'methods': ['GET'], 'negate_methods': False, 'paths': ['/info*'], 'negate_paths': False, 'hosts': None, 'negate_hosts': False}, {'src_ports': None, 'negate_src_ports': False, 'dst_ports': None, 'negate_dst_ports': False, 'methods': ['POST'], 'negate_methods': False, 'paths': ['/data'], 'negate_paths': False, 'hosts': None, 'negate_hosts': False}, {'src_ports': None, 'negate_src_ports': False, 'dst_ports': None, 'negate_dst_ports': False, 'methods': ['GET', 'HEAD'], 'negate_methods': False, 'paths': ['/admin*'], 'negate_paths': True, 'hosts': ['*.example.com'], 'negate_hosts': False}]>"
0.06493579997913912,0.038153700006660074,False,False,"<allow_list=[{'src_ports': [(30000, 32767)], 'negate_src_ports': False, 'dst_ports': [(30000, 32767)], 'negate_dst_ports': False, 'methods': None, 'negate_methods': False, 'paths': None, 'negate_paths': False, 'hosts': None, 'negate_hosts': False}, {'src_ports': [9050], 'negate_src_ports': False, 'dst_ports': [9000], 'negate_dst_ports': False, 'methods': None, 'negate_methods': False, 'paths': None, 'negate_paths': False, 'hosts': None, 'negate_hosts': False}, {'src_ports': [5555], 'negate_src_ports': False, 'dst_ports': [5555], 'negate_dst_ports': False, 'methods': None, 'negate_methods': False, 'paths': None, 'negate_paths': False, 'hosts': None, 'negate_hosts': False}, {'src_ports': [3456], 'negate_src_ports': False, 'dst_ports': None, 'negate_dst_ports': False, 'methods': None, 'negate_methods': False, 'paths': None, 'negate_paths': False, 'hosts': None, 'negate_hosts': False}]; deny_list=[{'src_ports': None, 'negate_src_ports': False, 'dst_ports': [6543], 'negate_dst_ports': False, 'methods': None, 'negate_methods': False, 'paths': None, 'negate_paths': False, 'hosts': None, 'negate_hosts': False}, {'src_ports': [(0, 1024)], 'negate_src_ports': True, 'dst_ports': [(0, 1024)], 'negate_dst_ports': True, 'methods': None, 'negate_methods': False, 'paths': None, 'negate_paths': False, 'hosts': None, 'negate_hosts': False}, {'src_ports': None, 'negate_src_ports': False, 'dst_ports': None, 'negate_dst_ports': False, 'methods': ['GET'], 'negate_methods': False, 'paths': ['/info*'], 'negate_paths': False, 'hosts': None, 'negate_hosts': False}, {'src_ports': None, 'negate_src_ports': False, 'dst_ports': None, 'negate_dst_ports': False, 'methods': ['POST'], 'negate_methods': False, 'paths': ['/data'], 'negate_paths': False, 'hosts': None, 'negate_hosts': False}, {'src_ports': None, 'negate_src_ports': False, 'dst_ports': None, 'negate_dst_ports': False, 'methods': ['GET', 'HEAD'], 'negate_methods': False, 'paths': ['/admin*'], 'negate_paths': True, 'hosts': ['*.example.com'], 'negate_hosts': False}]>"
0.07716769998660311,0.037756300007458776,False,False,"<allow_list=[{'src_ports': [(30000, 32767)], 'negate_src_ports': False, 'dst_ports': [(30000, 32767)], 'negate_dst_ports': False, 'methods': None, 'negate_methods': False, 'paths': None, 'negate_paths': False, 'hosts': None, 'negate_hosts': False}, {'src_ports': [9050], 'negate_src_ports': False, 'dst_ports': [9000], 'negate_dst_ports': False, 'methods': None, 'negate_methods': False, 'paths': None, 'negate_paths': False, 'hosts': None, 'negate_hosts': False}, {'src_ports': [5555], 'negate_src_ports': False, 'dst_ports': [5555], 'negate_dst_ports': False, 'methods': None, 'negate_methods': False, 'paths': None, 'negate_paths': False, 'hosts': None, 'negate_hosts': False}, {'src_ports': [3456], 'negate_src_ports': False, 'dst_ports': None, 'negate_dst_ports': False, 'methods': None, 'negate_methods': False, 'paths': None, 'negate_paths': False, 'hosts': None, 'negate_hosts': False}, {'src_ports': None, 'negate_src_ports': False, 'dst_ports': [6543], 'negate_dst_ports': False, 'methods': None, 'negate_methods': False, 'paths': None, 'negate_paths': False, 'hosts': None, 'negate_hosts': False}]; deny_list=[{'src_ports': [(0, 1024)], 'negate_src_ports': True, 'dst_ports': [(0, 1024)], 'negate_dst_ports': True, 'methods': None, 'negate_methods': False, 'paths': None, 'negate_paths': False, 'hosts': None, 'negate_hosts': False}, {'src_ports': None, 'negate_src_ports': False, 'dst_ports': None, 'negate_dst_ports': False, 'methods': ['GET'], 'negate_methods': False, 'paths': ['/info*'], 'negate_paths': False, 'hosts': None, 'negate_hosts': False}, {'src_ports': None, 'negate_src_ports': False, 'dst_ports': None, 'negate_dst_ports': False, 'methods': ['POST'], 'negate_methods': False, 'paths': ['/data'], 'negate_paths': False, 'hosts': None, 'negate_hosts': False}, {'src_ports': None, 'negate_src_ports': False, 'dst_ports': None, 'negate_dst_ports': False, 'methods': ['GET', 'HEAD'], 'negate_methods': False, 'paths': ['/admin*'], 'negate_paths': True, 'hosts': ['*.example.com'], 'negate_hosts': False}]>"
0.0678611000184901,0.04521979996934533,False,False,"<allow_list=[{'src_ports': [(30000, 32767)], 'negate_src_ports': False, 'dst_ports': [(30000, 32767)], 'negate_dst_ports': False, 'methods': None, 'negate_methods': False, 'paths': None, 'negate_paths': False, 'hosts': None, 'negate_hosts': False}, {'src_ports': [9050], 'negate_src_ports': False, 'dst_ports': [9000], 'negate_dst_ports': False, 'methods': None, 'negate_methods': False, 'paths': None, 'negate_paths': False, 'hosts': None, 'negate_hosts': False}, {'src_ports': [5555], 'negate_src_ports': False, 'dst_ports': [5555], 'negate_dst_ports': False, 'methods': None, 'negate_methods': False, 'paths': None, 'negate_paths': False, 'hosts': None, 'negate_hosts': False}, {'src_ports': [3456], 'negate_src_ports': False, 'dst_ports': None, 'negate_dst_ports': False, 'methods': None, 'negate_methods': False, 'paths': None, 'negate_paths': False, 'hosts': None, 'negate_hosts': False}, {'src_ports': None, 'negate_src_ports': False, 'dst_ports': [6543], 'negate_dst_ports': False, 'methods': None, 'negate_methods': False, 'paths': None, 'negate_paths': False, 'hosts': None, 'negate_hosts': False}, {'src_ports': [(0, 1024)], 'negate_src_ports': True, 'dst_ports': [(0, 1024)], 'negate_dst_ports': True, 'methods': None, 'negate_methods': False, 'paths': None, 'negate_paths': False, 'hosts': None, 'negate_hosts': False}]; deny_list=[{'src_ports': None, 'negate_src_ports': False, 'dst_ports': None, 'negate_dst_ports': False, 'methods': ['GET'], 'negate_methods': False, 'paths': ['/info*'], 'negate_paths': False, 'hosts': None, 'negate_hosts': False}, {'src_ports': None, 'negate_src_ports': False, 'dst_ports': None, 'negate_dst_ports': False, 'methods': ['POST'], 'negate_methods': False, 'paths': ['/data'], 'negate_paths': False, 'hosts': None, 'negate_hosts': False}, {'src_ports': None, 'negate_src_ports': False, 'dst_ports': None, 'negate_dst_ports': False, 'methods': ['GET', 'HEAD'], 'negate_methods': False, 'paths': ['/admin*'], 'negate_paths': True, 'hosts': ['*.example.com'], 'negate_hosts': False}]>"
0.062038599979132414,0.05184919998282567,False,False,"<allow_list=[{'src_ports': [(30000, 32767)], 'negate_src_ports': False, 'dst_ports': [(30000, 32767)], 'negate_dst_ports': False, 'methods': None, 'negate_methods': False, 'paths': None, 'negate_paths': False, 'hosts': None, 'negate_hosts': False}, {'src_ports': [9050], 'negate_src_ports': False, 'dst_ports': [9000], 'negate_dst_ports': False, 'methods': None, 'negate_methods': False, 'paths': None, 'negate_paths': False, 'hosts': None, 'negate_hosts': False}, {'src_ports': [5555], 'negate_src_ports': False, 'dst_ports': [5555], 'negate_dst_ports': False, 'methods': None, 'negate_methods': False, 'paths': None, 'negate_paths': False, 'hosts': None, 'negate_hosts': False}, {'src_ports': [3456], 'negate_src_ports': False, 'dst_ports': None, 'negate_dst_ports': False, 'methods': None, 'negate_methods': False, 'paths': None, 'negate_paths': False, 'hosts': None, 'negate_hosts': False}, {'src_ports': None, 'negate_src_ports': False, 'dst_ports': [6543], 'negate_dst_ports': False, 'methods': None, 'negate_methods': False, 'paths': None, 'negate_paths': False, 'hosts': None, 'negate_hosts': False}, {'src_ports': [(0, 1024)], 'negate_src_ports': True, 'dst_ports': [(0, 1024)], 'negate_dst_ports': True, 'methods': None, 'negate_methods': False, 'paths': None, 'negate_paths': False, 'hosts': None, 'negate_hosts': False}, {'src_ports': None, 'negate_src_ports': False, 'dst_ports': None, 'negate_dst_ports': False, 'methods': ['GET'], 'negate_methods': False, 'paths': ['/info*'], 'negate_paths': False, 'hosts': None, 'negate_hosts': False}]; deny_list=[{'src_ports': None, 'negate_src_ports': False, 'dst_ports': None, 'negate_dst_ports': False, 'methods': ['POST'], 'negate_methods': False, 'paths': ['/data'], 'negate_paths': False, 'hosts': None, 'negate_hosts': False}, {'src_ports': None, 'negate_src_ports': False, 'dst_ports': None, 'negate_dst_ports': False, 'methods': ['GET', 'HEAD'], 'negate_methods': False, 'paths': ['/admin*'], 'negate_paths': True, 'hosts': ['*.example.com'], 'negate_hosts': False}]>"
0.06701030000112951,0.04044190002605319,False,False,"<allow_list=[{'src_ports': [(30000, 32767)], 'negate_src_ports': False, 'dst_ports': [(30000, 32767)], 'negate_dst_ports': False, 'methods': None, 'negate_methods': False, 'paths': None, 'negate_paths': False, 'hosts': None, 'negate_hosts': False}, {'src_ports': [9050], 'negate_src_ports': False, 'dst_ports': [9000], 'negate_dst_ports': False, 'methods': None, 'negate_methods': False, 'paths': None, 'negate_paths': False, 'hosts': None, 'negate_hosts': False}, {'src_ports': [5555], 'negate_src_ports': False, 'dst_ports': [5555], 'negate_dst_ports': False, 'methods': None, 'negate_methods': False, 'paths': None, 'negate_paths': False, 'hosts': None, 'negate_hosts': False}, {'src_ports': [3456], 'negate_src_ports': False, 'dst_ports': None, 'negate_dst_ports': False, 'methods': None, 'negate_methods': False, 'paths': None, 'negate_paths': False, 'hosts': None, 'negate_hosts': False}, {'src_ports': None, 'negate_src_ports': False, 'dst_ports': [6543], 'negate_dst_ports': False, 'methods': None, 'negate_methods': False, 'paths': None, 'negate_paths': False, 'hosts': None, 'negate_hosts': False}, {'src_ports': [(0, 1024)], 'negate_src_ports': True, 'dst_ports': [(0, 1024)], 'negate_dst_ports': True, 'methods': None, 'negate_methods': False, 'paths': None, 'negate_paths': False, 'hosts': None, 'negate_hosts': False}, {'src_ports': None, 'negate_src_ports': False, 'dst_ports': None, 'negate_dst_ports': False, 'methods': ['GET'], 'negate_methods': False, 'paths': ['/info*'], 'negate_paths': False, 'hosts': None, 'negate_hosts': False}, {'src_ports': None, 'negate_src_ports': False, 'dst_ports': None, 'negate_dst_ports': False, 'methods': ['POST'], 'negate_methods': False, 'paths': ['/data'], 'negate_paths': False, 'hosts': None, 'negate_hosts': False}]; deny_list=[{'src_ports': None, 'negate_src_ports': False, 'dst_ports': None, 'negate_dst_ports': False, 'methods': ['GET', 'HEAD'], 'negate_methods': False, 'paths': ['/admin*'], 'negate_paths': True, 'hosts': ['*.example.com'], 'negate_hosts': False}]>"
0.12700959999347106,0.03023670002585277,False,False,"<allow_list=[{'src_ports': [9050], 'negate_src_ports': False, 'dst_ports': [9000], 'negate_dst_ports': False, 'methods': None, 'negate_methods': False, 'paths': None, 'negate_paths': False, 'hosts': None, 'negate_hosts': False}, {'src_ports': [5555], 'negate_src_ports': False, 'dst_ports': [5555], 'negate_dst_ports': False, 'methods': None, 'negate_methods': False, 'paths': None, 'negate_paths': False, 'hosts': None, 'negate_hosts': False}, {'src_ports': [3456], 'negate_src_ports': False, 'dst_ports': None, 'negate_dst_ports': False, 'methods': None, 'negate_methods': False, 'paths': None, 'negate_paths': False, 'hosts': None, 'negate_hosts': False}, {'src_ports': None, 'negate_src_ports': False, 'dst_ports': [6543], 'negate_dst_ports': False, 'methods': None, 'negate_methods': False, 'paths': None, 'negate_paths': False, 'hosts': None, 'negate_hosts': False}, {'src_ports': [(0, 1024)], 'negate_src_ports': True, 'dst_ports': [(0, 1024)], 'negate_dst_ports': True, 'methods': None, 'negate_methods': False, 'paths': None, 'negate_paths': False, 'hosts': None, 'negate_hosts': False}, {'src_ports': None, 'negate_src_ports': False, 'dst_ports': None, 'negate_dst_ports': False, 'methods': ['GET'], 'negate_methods': False, 'paths': ['/info*'], 'negate_paths': False, 'hosts': None, 'negate_hosts': False}, {'src_ports': None, 'negate_src_ports': False, 'dst_ports': None, 'negate_dst_ports': False, 'methods': ['POST'], 'negate_methods': False, 'paths': ['/data'], 'negate_paths': False, 'hosts': None, 'negate_hosts': False}, {'src_ports': None, 'negate_src_ports': False, 'dst_ports': None, 'negate_dst_ports': False, 'methods': ['GET', 'HEAD'], 'negate_methods': False, 'paths': ['/admin*'], 'negate_paths': True, 'hosts': ['*.example.com'], 'negate_hosts': False}]; deny_list=[{'src_ports': [(30000, 32767)], 'negate_src_ports': False, 'dst_ports': [(30000, 32767)], 'negate_dst_ports': False, 'methods': None, 'negate_methods': False, 'paths': None, 'negate_paths': False, 'hosts': None, 'negate_hosts': False}]>"
0.12843430001521483,0.03147070005070418,False,False,"<allow_list=[{'src_ports': [5555], 'negate_src_ports': False, 'dst_ports': [5555], 'negate_dst_ports': False, 'methods': None, 'negate_methods': False, 'paths': None, 'negate_paths': False, 'hosts': None, 'negate_hosts': False}, {'src_ports': [3456], 'negate_src_ports': False, 'dst_ports': None, 'negate_dst_ports': False, 'methods': None, 'negate_methods': False, 'paths': None, 'negate_paths': False, 'hosts': None, 'negate_hosts': False}, {'src_ports': None, 'negate_src_ports': False, 'dst_ports': [6543], 'negate_dst_ports': False, 'methods': None, 'negate_methods': False, 'paths': None, 'negate_paths': False, 'hosts': None, 'negate_hosts': False}, {'src_ports': [(0, 1024)], 'negate_src_ports': True, 'dst_ports': [(0, 1024)], 'negate_dst_ports': True, 'methods': None, 'negate_methods': False, 'paths': None, 'negate_paths': False, 'hosts': None, 'negate_hosts': False}, {'src_ports': None, 'negate_src_ports': False, 'dst_ports': None, 'negate_dst_ports': False, 'methods': ['GET'], 'negate_methods': False, 'paths': ['/info*'], 'negate_paths': False, 'hosts': None, 'negate_hosts': False}, {'src_ports': None, 'negate_src_ports': False, 'dst_ports': None, 'negate_dst_ports': False, 'methods': ['POST'], 'negate_methods': False, 'paths': ['/data'], 'negate_paths': False, 'hosts': None, 'negate_hosts': False}, {'src_ports': None, 'negate_src_ports': False, 'dst_ports': None, 'negate_dst_ports': False, 'methods': ['GET', 'HEAD'], 'negate_methods': False, 'paths': ['/admin*'], 'negate_paths': True, 'hosts': ['*.example.com'], 'negate_hosts': False}]; deny_list=[{'src_ports': [(30000, 32767)], 'negate_src_ports': False, 'dst_ports': [(30000, 32767)], 'negate_dst_ports': False, 'methods': None, 'negate_methods': False, 'paths': None, 'negate_paths': False, 'hosts': None, 'negate_hosts': False}, {'src_ports': [9050], 'negate_src_ports': False, 'dst_ports': [9000], 'negate_dst_ports': False, 'methods': None, 'negate_methods': False, 'paths': None, 'negate_paths': False, 'hosts': None, 'negate_hosts': False}]>"
0.12790209997911006,0.0493873999803327,False,False,"<allow_list=[{'src_ports': [3456], 'negate_src_ports': False, 'dst_ports': None, 'negate_dst_ports': False, 'methods': None, 'negate_methods': False, 'paths': None, 'negate_paths': False, 'hosts': None, 'negate_hosts': False}, {'src_ports': None, 'negate_src_ports': False, 'dst_ports': [6543], 'negate_dst_ports': False, 'methods': None, 'negate_methods': False, 'paths': None, 'negate_paths': False, 'hosts': None, 'negate_hosts': False}, {'src_ports': [(0, 1024)], 'negate_src_ports': True, 'dst_ports': [(0, 1024)], 'negate_dst_ports': True, 'methods': None, 'negate_methods': False, 'paths': None, 'negate_paths': False, 'hosts': None, 'negate_hosts': False}, {'src_ports': None, 'negate_src_ports': False, 'dst_ports': None, 'negate_dst_ports': False, 'methods': ['GET'], 'negate_methods': False, 'paths': ['/info*'], 'negate_paths': False, 'hosts': None, 'negate_hosts': False}, {'src_ports': None, 'negate_src_ports': False, 'dst_ports': None, 'negate_dst_ports': False, 'methods': ['POST'], 'negate_methods': False, 'paths': ['/data'], 'negate_paths': False, 'hosts': None, 'negate_hosts': False}, {'src_ports': None, 'negate_src_ports': False, 'dst_ports': None, 'negate_dst_ports': False, 'methods': ['GET', 'HEAD'], 'negate_methods': False, 'paths': ['/admin*'], 'negate_paths': True, 'hosts': ['*.example.com'], 'negate_hosts': False}]; deny_list=[{'src_ports': [(30000, 32767)], 'negate_src_ports': False, 'dst_ports': [(30000, 32767)], 'negate_dst_ports': False, 'methods': None, 'negate_methods': False, 'paths': None, 'negate_paths': False, 'hosts': None, 'negate_hosts': False}, {'src_ports': [9050], 'negate_src_ports': False, 'dst_ports': [9000], 'negate_dst_ports': False, 'methods': None, 'negate_methods': False, 'paths': None, 'negate_paths': False, 'hosts': None, 'negate_hosts': False}, {'src_ports': [5555], 'negate_src_ports': False, 'dst_ports': [5555], 'negate_dst_ports': False, 'methods': None, 'negate_methods': False, 'paths': None, 'negate_paths': False, 'hosts': None, 'negate_hosts': False}]>"
0.12863930000457913,0.034576699952594936,False,False,"<allow_list=[{'src_ports': None, 'negate_src_ports': False, 'dst_ports': [6543], 'negate_dst_ports': False, 'methods': None, 'negate_methods': False, 'paths': None, 'negate_paths': False, 'hosts': None, 'negate_hosts': False}, {'src_ports': [(0, 1024)], 'negate_src_ports': True, 'dst_ports': [(0, 1024)], 'negate_dst_ports': True, 'methods': None, 'negate_methods': False, 'paths': None, 'negate_paths': False, 'hosts': None, 'negate_hosts': False}, {'src_ports': None, 'negate_src_ports': False, 'dst_ports': None, 'negate_dst_ports': False, 'methods': ['GET'], 'negate_methods': False, 'paths': ['/info*'], 'negate_paths': False, 'hosts': None, 'negate_hosts': False}, {'src_ports': None, 'negate_src_ports': False, 'dst_ports': None, 'negate_dst_ports': False, 'methods': ['POST'], 'negate_methods': False, 'paths': ['/data'], 'negate_paths': False, 'hosts': None, 'negate_hosts': False}, {'src_ports': None, 'negate_src_ports': False, 'dst_ports': None, 'negate_dst_ports': False, 'methods': ['GET', 'HEAD'], 'negate_methods': False, 'paths': ['/admin*'], 'negate_paths': True, 'hosts': ['*.example.com'], 'negate_hosts': False}]; deny_list=[{'src_ports': [(30000, 32767)], 'negate_src_ports': False, 'dst_ports': [(30000, 32767)], 'negate_dst_ports': False, 'methods': None, 'negate_methods': False, 'paths': None, 'negate_paths': False, 'hosts': None, 'negate_hosts': False}, {'src_ports': [9050], 'negate_src_ports': False, 'dst_ports': [9000], 'negate_dst_ports': False, 'methods': None, 'negate_methods': False, 'paths': None, 'negate_paths': False, 'hosts': None, 'negate_hosts': False}, {'src_ports': [5555], 'negate_src_ports': False, 'dst_ports': [5555], 'negate_dst_ports': False, 'methods': None, 'negate_methods': False, 'paths': None, 'negate_paths': False, 'hosts': None, 'negate_hosts': False}, {'src_ports': [3456], 'negate_src_ports': False, 'dst_ports': None, 'negate_dst_ports': False, 'methods': None, 'negate_methods': False, 'paths': None, 'negate_paths': False, 'hosts': None, 'negate_hosts': False}]>"
0.12834029999794438,0.01740609999978915,False,False,"<allow_list=[{'src_ports': [(0, 1024)], 'negate_src_ports': True, 'dst_ports': [(0, 1024)], 'negate_dst_ports': True, 'methods': None, 'negate_methods': False, 'paths': None, 'negate_paths': False, 'hosts': None, 'negate_hosts': False}, {'src_ports': None, 'negate_src_ports': False, 'dst_ports': None, 'negate_dst_ports': False, 'methods': ['GET'], 'negate_methods': False, 'paths': ['/info*'], 'negate_paths': False, 'hosts': None, 'negate_hosts': False}, {'src_ports': None, 'negate_src_ports': False, 'dst_ports': None, 'negate_dst_ports': False, 'methods': ['POST'], 'negate_methods': False, 'paths': ['/data'], 'negate_paths': False, 'hosts': None, 'negate_hosts': False}, {'src_ports': None, 'negate_src_ports': False, 'dst_ports': None, 'negate_dst_ports': False, 'methods': ['GET', 'HEAD'], 'negate_methods': False, 'paths': ['/admin*'], 'negate_paths': True, 'hosts': ['*.example.com'], 'negate_hosts': False}]; deny_list=[{'src_ports': [(30000, 32767)], 'negate_src_ports': False, 'dst_ports': [(30000, 32767)], 'negate_dst_ports': False, 'methods': None, 'negate_methods': False, 'paths': None, 'negate_paths': False, 'hosts': None, 'negate_hosts': False}, {'src_ports': [9050], 'negate_src_ports': False, 'dst_ports': [9000], 'negate_dst_ports': False, 'methods': None, 'negate_methods': False, 'paths': None, 'negate_paths': False, 'hosts': None, 'negate_hosts': False}, {'src_ports': [5555], 'negate_src_ports': False, 'dst_ports': [5555], 'negate_dst_ports': False, 'methods': None, 'negate_methods': False, 'paths': None, 'negate_paths': False, 'hosts': None, 'negate_hosts': False}, {'src_ports': [3456], 'negate_src_ports': False, 'dst_ports': None, 'negate_dst_ports': False, 'methods': None, 'negate_methods': False, 'paths': None, 'negate_paths': False, 'hosts': None, 'negate_hosts': False}, {'src_ports': None, 'negate_src_ports': False, 'dst_ports': [6543], 'negate_dst_ports': False, 'methods': None, 'negate_methods': False, 'paths': None, 'negate_paths': False, 'hosts': None, 'negate_hosts': False}]>"
0.10714749997714534,0.016636300017125905,False,False,"<allow_list=[{'src_ports': None, 'negate_src_ports': False, 'dst_ports': None, 'negate_dst_ports': False, 'methods': ['GET'], 'negate_methods': False, 'paths': ['/info*'], 'negate_paths': False, 'hosts': None, 'negate_hosts': False}, {'src_ports': None, 'negate_src_ports': False, 'dst_ports': None, 'negate_dst_ports': False, 'methods': ['POST'], 'negate_methods': False, 'paths': ['/data'], 'negate_paths': False, 'hosts': None, 'negate_hosts': False}, {'src_ports': None, 'negate_src_ports': False, 'dst_ports': None, 'negate_dst_ports': False, 'methods': ['GET', 'HEAD'], 'negate_methods': False, 'paths': ['/admin*'], 'negate_paths': True, 'hosts': ['*.example.com'], 'negate_hosts': False}]; deny_list=[{'src_ports': [(30000, 32767)], 'negate_src_ports': False, 'dst_ports': [(30000, 32767)], 'negate_dst_ports': False, 'methods': None, 'negate_methods': False, 'paths': None, 'negate_paths': False, 'hosts': None, 'negate_hosts': False}, {'src_ports': [9050], 'negate_src_ports': False, 'dst_ports': [9000], 'negate_dst_ports': False, 'methods': None, 'negate_methods': False, 'paths': None, 'negate_paths': False, 'hosts': None, 'negate_hosts': False}, {'src_ports': [5555], 'negate_src_ports': False, 'dst_ports': [5555], 'negate_dst_ports': False, 'methods': None, 'negate_methods': False, 'paths': None, 'negate_paths': False, 'hosts': None, 'negate_hosts': False}, {'src_ports': [3456], 'negate_src_ports': False, 'dst_ports': None, 'negate_dst_ports': False, 'methods': None, 'negate_methods': False, 'paths': None, 'negate_paths': False, 'hosts': None, 'negate_hosts': False}, {'src_ports': None, 'negate_src_ports': False, 'dst_ports': [6543], 'negate_dst_ports': False, 'methods': None, 'negate_methods': False, 'paths': None, 'negate_paths': False, 'hosts': None, 'negate_hosts': False}, {'src_ports': [(0, 1024)], 'negate_src_ports': True, 'dst_ports': [(0, 1024)], 'negate_dst_ports': True, 'methods': None, 'negate_methods': False, 'paths': None, 'negate_paths': False, 'hosts': None, 'negate_hosts': False}]>"
0.027375900011975318,0.017584399960469455,False,False,"<allow_list=[{'src_ports': None, 'negate_src_ports': False, 'dst_ports': None, 'negate_dst_ports': False, 'methods': ['POST'], 'negate_methods': False, 'paths': ['/data'], 'negate_paths': False, 'hosts': None, 'negate_hosts': False}, {'src_ports': None, 'negate_src_ports': False, 'dst_ports': None, 'negate_dst_ports': False, 'methods': ['GET', 'HEAD'], 'negate_methods': False, 'paths': ['/admin*'], 'negate_paths': True, 'hosts': ['*.example.com'], 'negate_hosts': False}]; deny_list=[{'src_ports': [(30000, 32767)], 'negate_src_ports': False, 'dst_ports': [(30000, 32767)], 'negate_dst_ports': False, 'methods': None, 'negate_methods': False, 'paths': None, 'negate_paths': False, 'hosts': None, 'negate_hosts': False}, {'src_ports': [9050], 'negate_src_ports': False, 'dst_ports': [9000], 'negate_dst_ports': False, 'methods': None, 'negate_methods': False, 'paths': None, 'negate_paths': False, 'hosts': None, 'negate_hosts': False}, {'src_ports': [5555], 'negate_src_ports': False, 'dst_ports': [5555], 'negate_dst_ports': False, 'methods': None, 'negate_methods': False, 'paths': None, 'negate_paths': False, 'hosts': None, 'negate_hosts': False}, {'src_ports': [3456], 'negate_src_ports': False, 'dst_ports': None, 'negate_dst_ports': False, 'methods': None, 'negate_methods': False, 'paths': None, 'negate_paths': False, 'hosts': None, 'negate_hosts': False}, {'src_ports': None, 'negate_src_ports': False, 'dst_ports': [6543], 'negate_dst_ports': False, 'methods': None, 'negate_methods': False, 'paths': None, 'negate_paths': False, 'hosts': None, 'negate_hosts': False}, {'src_ports': [(0, 1024)], 'negate_src_ports': True, 'dst_ports': [(0, 1024)], 'negate_dst_ports': True, 'methods': None, 'negate_methods': False, 'paths': None, 'negate_paths': False, 'hosts': None, 'negate_hosts': False}, {'src_ports': None, 'negate_src_ports': False, 'dst_ports': None, 'negate_dst_ports': False, 'methods': ['GET'], 'negate_methods': False, 'paths': ['/info*'], 'negate_paths': False, 'hosts': None, 'negate_hosts': False}]>"
0.02695070003392175,0.021326499991118908,False,False,"<allow_list=[{'src_ports': None, 'negate_src_ports': False, 'dst_ports': None, 'negate_dst_ports': False, 'methods': ['GET', 'HEAD'], 'negate_methods': False, 'paths': ['/admin*'], 'negate_paths': True, 'hosts': ['*.example.com'], 'negate_hosts': False}]; deny_list=[{'src_ports': [(30000, 32767)], 'negate_src_ports': False, 'dst_ports': [(30000, 32767)], 'negate_dst_ports': False, 'methods': None, 'negate_methods': False, 'paths': None, 'negate_paths': False, 'hosts': None, 'negate_hosts': False}, {'src_ports': [9050], 'negate_src_ports': False, 'dst_ports': [9000], 'negate_dst_ports': False, 'methods': None, 'negate_methods': False, 'paths': None, 'negate_paths': False, 'hosts': None, 'negate_hosts': False}, {'src_ports': [5555], 'negate_src_ports': False, 'dst_ports': [5555], 'negate_dst_ports': False, 'methods': None, 'negate_methods': False, 'paths': None, 'negate_paths': False, 'hosts': None, 'negate_hosts': False}, {'src_ports': [3456], 'negate_src_ports': False, 'dst_ports': None, 'negate_dst_ports': False, 'methods': None, 'negate_methods': False, 'paths': None, 'negate_paths': False, 'hosts': None, 'negate_hosts': False}, {'src_ports': None, 'negate_src_ports': False, 'dst_ports': [6543], 'negate_dst_ports': False, 'methods': None, 'negate_methods': False, 'paths': None, 'negate_paths': False, 'hosts': None, 'negate_hosts': False}, {'src_ports': [(0, 1024)], 'negate_src_ports': True, 'dst_ports': [(0, 1024)], 'negate_dst_ports': True, 'methods': None, 'negate_methods': False, 'paths': None, 'negate_paths': False, 'hosts': None, 'negate_hosts': False}, {'src_ports': None, 'negate_src_ports': False, 'dst_ports': None, 'negate_dst_ports': False, 'methods': ['GET'], 'negate_methods': False, 'paths': ['/info*'], 'negate_paths': False, 'hosts': None, 'negate_hosts': False}, {'src_ports': None, 'negate_src_ports': False, 'dst_ports': None, 'negate_dst_ports': False, 'methods': ['POST'], 'negate_methods': False, 'paths': ['/data'], 'negate_paths': False, 'hosts': None, 'negate_hosts': False}]>"
0.11449700000230223,0.01466939999954775,False,False,"<allow_list=[{'src_ports': [(30000, 32767)], 'negate_src_ports': False, 'dst_ports': [(30000, 32767)], 'negate_dst_ports': False, 'methods': None, 'negate_methods': False, 'paths': None, 'negate_paths': False, 'hosts': None, 'negate_hosts': False}, {'src_ports': [5555], 'negate_src_ports': False, 'dst_ports': [5555], 'negate_dst_ports': False, 'methods': None, 'negate_methods': False, 'paths': None, 'negate_paths': False, 'hosts': None, 'negate_hosts': False}, {'src_ports': None, 'negate_src_ports': False, 'dst_ports': [6543], 'negate_dst_ports': False, 'methods': None, 'negate_methods': False, 'paths': None, 'negate_paths': False, 'hosts': None, 'negate_hosts': False}, {'src_ports': None, 'negate_src_ports': False, 'dst_ports': None, 'negate_dst_ports': False, 'methods': ['GET'], 'negate_methods': False, 'paths': ['/info*'], 'negate_paths': False, 'hosts': None, 'negate_hosts': False}, {'src_ports': None, 'negate_src_ports': False, 'dst_ports': None, 'negate_dst_ports': False, 'methods': ['GET', 'HEAD'], 'negate_methods': False, 'paths': ['/admin*'], 'negate_paths': True, 'hosts': ['*.example.com'], 'negate_hosts': False}]; deny_list=[]>"
0.005836000025738031,0.012510299973655492,False,False,"<allow_list=[{'src_ports': [9050], 'negate_src_ports': False, 'dst_ports': [9000], 'negate_dst_ports': False, 'methods': None, 'negate_methods': False, 'paths': None, 'negate_paths': False, 'hosts': None, 'negate_hosts': False}, {'src_ports': [3456], 'negate_src_ports': False, 'dst_ports': None, 'negate_dst_ports': False, 'methods': None, 'negate_methods': False, 'paths': None, 'negate_paths': False, 'hosts': None, 'negate_hosts': False}, {'src_ports': [(0, 1024)], 'negate_src_ports': True, 'dst_ports': [(0, 1024)], 'negate_dst_ports': True, 'methods': None, 'negate_methods': False, 'paths': None, 'negate_paths': False, 'hosts': None, 'negate_hosts': False}, {'src_ports': None, 'negate_src_ports': False, 'dst_ports': None, 'negate_dst_ports': False, 'methods': ['POST'], 'negate_methods': False, 'paths': ['/data'], 'negate_paths': False, 'hosts': None, 'negate_hosts': False}]; deny_list=[]>"
0.12848949996987358,0.017426000034902245,False,False,"<allow_list=[{'src_ports': [(30000, 32767)], 'negate_src_ports': False, 'dst_ports': [(30000, 32767)], 'negate_dst_ports': False, 'methods': None, 'negate_methods': False, 'paths': None, 'negate_paths': False, 'hosts': None, 'negate_hosts': False}, {'src_ports': [5555], 'negate_src_ports': False, 'dst_ports': [5555], 'negate_dst_ports': False, 'methods': None, 'negate_methods': False, 'paths': None, 'negate_paths': False, 'hosts': None, 'negate_hosts': False}, {'src_ports': None, 'negate_src_ports': False, 'dst_ports': [6543], 'negate_dst_ports': False, 'methods': None, 'negate_methods': False, 'paths': None, 'negate_paths': False, 'hosts': None, 'negate_hosts': False}, {'src_ports': None, 'negate_src_ports': False, 'dst_ports': None, 'negate_dst_ports': False, 'methods': ['GET'], 'negate_methods': False, 'paths': ['/info*'], 'negate_paths': False, 'hosts': None, 'negate_hosts': False}, {'src_ports': None, 'negate_src_ports': False, 'dst_ports': None, 'negate_dst_ports': False, 'methods': ['GET', 'HEAD'], 'negate_methods': False, 'paths': ['/admin*'], 'negate_paths': True, 'hosts': ['*.example.com'], 'negate_hosts': False}]; deny_list=[{'src_ports': [9050], 'negate_src_ports': False, 'dst_ports': [9000], 'negate_dst_ports': False, 'methods': None, 'negate_methods': False, 'paths': None, 'negate_paths': False, 'hosts': None, 'negate_hosts': False}, {'src_ports': [3456], 'negate_src_ports': False, 'dst_ports': None, 'negate_dst_ports': False, 'methods': None, 'negate_methods': False, 'paths': None, 'negate_paths': False, 'hosts': None, 'negate_hosts': False}, {'src_ports': [(0, 1024)], 'negate_src_ports': True, 'dst_ports': [(0, 1024)], 'negate_dst_ports': True, 'methods': None, 'negate_methods': False, 'paths': None, 'negate_paths': False, 'hosts': None, 'negate_hosts': False}, {'src_ports': None, 'negate_src_ports': False, 'dst_ports': None, 'negate_dst_ports': False, 'methods': ['POST'], 'negate_methods': False, 'paths': ['/data'], 'negate_paths': False, 'hosts': None, 'negate_hosts': False}]>"
0.07446219999110326,0.052230300032533705,False,False,"<allow_list=[{'src_ports': [9050], 'negate_src_ports': False, 'dst_ports': [9000], 'negate_dst_ports': False, 'methods': None, 'negate_methods': False, 'paths': None, 'negate_paths': False, 'hosts': None, 'negate_hosts': False}, {'src_ports': [3456], 'negate_src_ports': False, 'dst_ports': None, 'negate_dst_ports': False, 'methods': None, 'negate_methods': False, 'paths': None, 'negate_paths': False, 'hosts': None, 'negate_hosts': False}, {'src_ports': [(0, 1024)], 'negate_src_ports': True, 'dst_ports': [(0, 1024)], 'negate_dst_ports': True, 'methods': None, 'negate_methods': False, 'paths': None, 'negate_paths': False, 'hosts': None, 'negate_hosts': False}, {'src_ports': None, 'negate_src_ports': False, 'dst_ports': None, 'negate_dst_ports': False, 'methods': ['POST'], 'negate_methods': False, 'paths': ['/data'], 'negate_paths': False, 'hosts': None, 'negate_hosts': False}]; deny_list=[{'src_ports': [(30000, 32767)], 'negate_src_ports': False, 'dst_ports': [(30000, 32767)], 'negate_dst_ports': False, 'methods': None, 'negate_methods': False, 'paths': None, 'negate_paths': False, 'hosts': None, 'negate_hosts': False}, {'src_ports': [5555], 'negate_src_ports': False, 'dst_ports': [5555], 'negate_dst_ports': False, 'methods': None, 'negate_methods': False, 'paths': None, 'negate_paths': False, 'hosts': None, 'negate_hosts': False}, {'src_ports': None, 'negate_src_ports': False, 'dst_ports': [6543], 'negate_dst_ports': False, 'methods': None, 'negate_methods': False, 'paths': None, 'negate_paths': False, 'hosts': None, 'negate_hosts': False}, {'src_ports': None, 'negate_src_ports': False, 'dst_ports': None, 'negate_dst_ports': False, 'methods': ['GET'], 'negate_methods': False, 'paths': ['/info*'], 'negate_paths': False, 'hosts': None, 'negate_hosts': False}, {'src_ports': None, 'negate_src_ports': False, 'dst_ports': None, 'negate_dst_ports': False, 'methods': ['GET', 'HEAD'], 'negate_methods': False, 'paths': ['/admin*'], 'negate_paths': True, 'hosts': ['*.example.com'], 'negate_hosts': False}]>"
