Z3ProductSet_time,CanonicalHyperCubeSet_time,Z3ProductSet_outcome,CanonicalHyperCubeSet_outcome,description
0.04089349997229874,8.00006091594696e-07,True,True,"<allow_list=[ConnectionAttributes(src_ports=[(30000, 32767)], negate_src_ports=False, dst_ports=[(30000, 32767)], negate_dst_ports=False, methods=None, negate_methods=False, paths=None, negate_paths=False, hosts=None, negate_hosts=False)]; deny_list=[]>"
0.009257400000933558,6.00004568696022e-07,True,True,"<allow_list=[ConnectionAttributes(src_ports=[9050], negate_src_ports=False, dst_ports=[9000], negate_dst_ports=False, methods=None, negate_methods=False, paths=None, negate_paths=False, hosts=None, negate_hosts=False)]; deny_list=[]>"
0.009026299987453967,6.00004568696022e-07,True,True,"<allow_list=[ConnectionAttributes(src_ports=[5555], negate_src_ports=False, dst_ports=[5555], negate_dst_ports=False, methods=None, negate_methods=False, paths=None, negate_paths=False, hosts=None, negate_hosts=False)]; deny_list=[]>"
0.00998309999704361,5.00003807246685e-07,True,True,"<allow_list=[ConnectionAttributes(src_ports=[3456], negate_src_ports=False, dst_ports=None, negate_dst_ports=False, methods=None, negate_methods=False, paths=None, negate_paths=False, hosts=None, negate_hosts=False)]; deny_list=[]>"
0.007305600040126592,5.00003807246685e-07,True,True,"<allow_list=[ConnectionAttributes(src_ports=None, negate_src_ports=False, dst_ports=[6543], negate_dst_ports=False, methods=None, negate_methods=False, paths=None, negate_paths=False, hosts=None, negate_hosts=False)]; deny_list=[]>"
0.008708300010766834,5.00003807246685e-07,True,True,"<allow_list=[ConnectionAttributes(src_ports=[(0, 1024)], negate_src_ports=True, dst_ports=[(0, 1024)], negate_dst_ports=True, methods=None, negate_methods=False, paths=None, negate_paths=False, hosts=None, negate_hosts=False)]; deny_list=[]>"
0.012963299988768995,1.00000761449337e-06,True,True,"<allow_list=[ConnectionAttributes(src_ports=None, negate_src_ports=False, dst_ports=None, negate_dst_ports=False, methods=['GET'], negate_methods=False, paths=['/info*'], negate_paths=False, hosts=None, negate_hosts=False)]; deny_list=[]>"
0.01138459995854646,8.00006091594696e-07,True,True,"<allow_list=[ConnectionAttributes(src_ports=None, negate_src_ports=False, dst_ports=None, negate_dst_ports=False, methods=['POST'], negate_methods=False, paths=['/data'], negate_paths=False, hosts=None, negate_hosts=False)]; deny_list=[]>"
0.011631800036411732,8.00006091594696e-07,True,True,"<allow_list=[ConnectionAttributes(src_ports=None, negate_src_ports=False, dst_ports=None, negate_dst_ports=False, methods=['GET', 'HEAD'], negate_methods=False, paths=['/admin*'], negate_paths=True, hosts=['*.example.com'], negate_hosts=False)]; deny_list=[]>"
0.00831930001731962,6.00004568696022e-07,True,True,"<allow_list=[ConnectionAttributes(src_ports=[(30000, 32767)], negate_src_ports=False, dst_ports=[(30000, 32767)], negate_dst_ports=False, methods=None, negate_methods=False, paths=None, negate_paths=False, hosts=None, negate_hosts=False), ConnectionAttributes(src_ports=[9050], negate_src_ports=False, dst_ports=[9000], negate_dst_ports=False, methods=None, negate_methods=False, paths=None, negate_paths=False, hosts=None, negate_hosts=False)]; deny_list=[]>"
0.007675500004552305,5.999463610351086e-07,True,True,"<allow_list=[ConnectionAttributes(src_ports=[(30000, 32767)], negate_src_ports=False, dst_ports=[(30000, 32767)], negate_dst_ports=False, methods=None, negate_methods=False, paths=None, negate_paths=False, hosts=None, negate_hosts=False), ConnectionAttributes(src_ports=[9050], negate_src_ports=False, dst_ports=[9000], negate_dst_ports=False, methods=None, negate_methods=False, paths=None, negate_paths=False, hosts=None, negate_hosts=False), ConnectionAttributes(src_ports=[5555], negate_src_ports=False, dst_ports=[5555], negate_dst_ports=False, methods=None, negate_methods=False, paths=None, negate_paths=False, hosts=None, negate_hosts=False)]; deny_list=[]>"
0.007767300005070865,6.00004568696022e-07,True,True,"<allow_list=[ConnectionAttributes(src_ports=[(30000, 32767)], negate_src_ports=False, dst_ports=[(30000, 32767)], negate_dst_ports=False, methods=None, negate_methods=False, paths=None, negate_paths=False, hosts=None, negate_hosts=False), ConnectionAttributes(src_ports=[9050], negate_src_ports=False, dst_ports=[9000], negate_dst_ports=False, methods=None, negate_methods=False, paths=None, negate_paths=False, hosts=None, negate_hosts=False), ConnectionAttributes(src_ports=[5555], negate_src_ports=False, dst_ports=[5555], negate_dst_ports=False, methods=None, negate_methods=False, paths=None, negate_paths=False, hosts=None, negate_hosts=False), ConnectionAttributes(src_ports=[3456], negate_src_ports=False, dst_ports=None, negate_dst_ports=False, methods=None, negate_methods=False, paths=None, negate_paths=False, hosts=None, negate_hosts=False)]; deny_list=[]>"
0.007540100021287799,6.00004568696022e-07,True,True,"<allow_list=[ConnectionAttributes(src_ports=[(30000, 32767)], negate_src_ports=False, dst_ports=[(30000, 32767)], negate_dst_ports=False, methods=None, negate_methods=False, paths=None, negate_paths=False, hosts=None, negate_hosts=False), ConnectionAttributes(src_ports=[9050], negate_src_ports=False, dst_ports=[9000], negate_dst_ports=False, methods=None, negate_methods=False, paths=None, negate_paths=False, hosts=None, negate_hosts=False), ConnectionAttributes(src_ports=[5555], negate_src_ports=False, dst_ports=[5555], negate_dst_ports=False, methods=None, negate_methods=False, paths=None, negate_paths=False, hosts=None, negate_hosts=False), ConnectionAttributes(src_ports=[3456], negate_src_ports=False, dst_ports=None, negate_dst_ports=False, methods=None, negate_methods=False, paths=None, negate_paths=False, hosts=None, negate_hosts=False), ConnectionAttributes(src_ports=None, negate_src_ports=False, dst_ports=[6543], negate_dst_ports=False, methods=None, negate_methods=False, paths=None, negate_paths=False, hosts=None, negate_hosts=False)]; deny_list=[]>"
0.009131899976637214,6.00004568696022e-07,True,True,"<allow_list=[ConnectionAttributes(src_ports=[(30000, 32767)], negate_src_ports=False, dst_ports=[(30000, 32767)], negate_dst_ports=False, methods=None, negate_methods=False, paths=None, negate_paths=False, hosts=None, negate_hosts=False), ConnectionAttributes(src_ports=[9050], negate_src_ports=False, dst_ports=[9000], negate_dst_ports=False, methods=None, negate_methods=False, paths=None, negate_paths=False, hosts=None, negate_hosts=False), ConnectionAttributes(src_ports=[5555], negate_src_ports=False, dst_ports=[5555], negate_dst_ports=False, methods=None, negate_methods=False, paths=None, negate_paths=False, hosts=None, negate_hosts=False), ConnectionAttributes(src_ports=[3456], negate_src_ports=False, dst_ports=None, negate_dst_ports=False, methods=None, negate_methods=False, paths=None, negate_paths=False, hosts=None, negate_hosts=False), ConnectionAttributes(src_ports=None, negate_src_ports=False, dst_ports=[6543], negate_dst_ports=False, methods=None, negate_methods=False, paths=None, negate_paths=False, hosts=None, negate_hosts=False), ConnectionAttributes(src_ports=[(0, 1024)], negate_src_ports=True, dst_ports=[(0, 1024)], negate_dst_ports=True, methods=None, negate_methods=False, paths=None, negate_paths=False, hosts=None, negate_hosts=False)]; deny_list=[]>"
0.008183300029486418,8.00006091594696e-07,True,True,"<allow_list=[ConnectionAttributes(src_ports=[(30000, 32767)], negate_src_ports=False, dst_ports=[(30000, 32767)], negate_dst_ports=False, methods=None, negate_methods=False, paths=None, negate_paths=False, hosts=None, negate_hosts=False), ConnectionAttributes(src_ports=[9050], negate_src_ports=False, dst_ports=[9000], negate_dst_ports=False, methods=None, negate_methods=False, paths=None, negate_paths=False, hosts=None, negate_hosts=False), ConnectionAttributes(src_ports=[5555], negate_src_ports=False, dst_ports=[5555], negate_dst_ports=False, methods=None, negate_methods=False, paths=None, negate_paths=False, hosts=None, negate_hosts=False), ConnectionAttributes(src_ports=[3456], negate_src_ports=False, dst_ports=None, negate_dst_ports=False, methods=None, negate_methods=False, paths=None, negate_paths=False, hosts=None, negate_hosts=False), ConnectionAttributes(src_ports=None, negate_src_ports=False, dst_ports=[6543], negate_dst_ports=False, methods=None, negate_methods=False, paths=None, negate_paths=False, hosts=None, negate_hosts=False), ConnectionAttributes(src_ports=[(0, 1024)], negate_src_ports=True, dst_ports=[(0, 1024)], negate_dst_ports=True, methods=None, negate_methods=False, paths=None, negate_paths=False, hosts=None, negate_hosts=False), ConnectionAttributes(src_ports=None, negate_src_ports=False, dst_ports=None, negate_dst_ports=False, methods=['GET'], negate_methods=False, paths=['/info*'], negate_paths=False, hosts=None, negate_hosts=False)]; deny_list=[]>"
0.012372899975162,9.00006853044033e-07,True,True,"<allow_list=[ConnectionAttributes(src_ports=[(30000, 32767)], negate_src_ports=False, dst_ports=[(30000, 32767)], negate_dst_ports=False, methods=None, negate_methods=False, paths=None, negate_paths=False, hosts=None, negate_hosts=False), ConnectionAttributes(src_ports=[9050], negate_src_ports=False, dst_ports=[9000], negate_dst_ports=False, methods=None, negate_methods=False, paths=None, negate_paths=False, hosts=None, negate_hosts=False), ConnectionAttributes(src_ports=[5555], negate_src_ports=False, dst_ports=[5555], negate_dst_ports=False, methods=None, negate_methods=False, paths=None, negate_paths=False, hosts=None, negate_hosts=False), ConnectionAttributes(src_ports=[3456], negate_src_ports=False, dst_ports=None, negate_dst_ports=False, methods=None, negate_methods=False, paths=None, negate_paths=False, hosts=None, negate_hosts=False), ConnectionAttributes(src_ports=None, negate_src_ports=False, dst_ports=[6543], negate_dst_ports=False, methods=None, negate_methods=False, paths=None, negate_paths=False, hosts=None, negate_hosts=False), ConnectionAttributes(src_ports=[(0, 1024)], negate_src_ports=True, dst_ports=[(0, 1024)], negate_dst_ports=True, methods=None, negate_methods=False, paths=None, negate_paths=False, hosts=None, negate_hosts=False), ConnectionAttributes(src_ports=None, negate_src_ports=False, dst_ports=None, negate_dst_ports=False, methods=['GET'], negate_methods=False, paths=['/info*'], negate_paths=False, hosts=None, negate_hosts=False), ConnectionAttributes(src_ports=None, negate_src_ports=False, dst_ports=None, negate_dst_ports=False, methods=['POST'], negate_methods=False, paths=['/data'], negate_paths=False, hosts=None, negate_hosts=False)]; deny_list=[]>"
0.01973359996918589,3.300025127828121e-06,True,True,"<allow_list=[ConnectionAttributes(src_ports=[(30000, 32767)], negate_src_ports=False, dst_ports=[(30000, 32767)], negate_dst_ports=False, methods=None, negate_methods=False, paths=None, negate_paths=False, hosts=None, negate_hosts=False), ConnectionAttributes(src_ports=[9050], negate_src_ports=False, dst_ports=[9000], negate_dst_ports=False, methods=None, negate_methods=False, paths=None, negate_paths=False, hosts=None, negate_hosts=False), ConnectionAttributes(src_ports=[5555], negate_src_ports=False, dst_ports=[5555], negate_dst_ports=False, methods=None, negate_methods=False, paths=None, negate_paths=False, hosts=None, negate_hosts=False), ConnectionAttributes(src_ports=[3456], negate_src_ports=False, dst_ports=None, negate_dst_ports=False, methods=None, negate_methods=False, paths=None, negate_paths=False, hosts=None, negate_hosts=False), ConnectionAttributes(src_ports=None, negate_src_ports=False, dst_ports=[6543], negate_dst_ports=False, methods=None, negate_methods=False, paths=None, negate_paths=False, hosts=None, negate_hosts=False), ConnectionAttributes(src_ports=[(0, 1024)], negate_src_ports=True, dst_ports=[(0, 1024)], negate_dst_ports=True, methods=None, negate_methods=False, paths=None, negate_paths=False, hosts=None, negate_hosts=False), ConnectionAttributes(src_ports=None, negate_src_ports=False, dst_ports=None, negate_dst_ports=False, methods=['GET'], negate_methods=False, paths=['/info*'], negate_paths=False, hosts=None, negate_hosts=False), ConnectionAttributes(src_ports=None, negate_src_ports=False, dst_ports=None, negate_dst_ports=False, methods=['POST'], negate_methods=False, paths=['/data'], negate_paths=False, hosts=None, negate_hosts=False), ConnectionAttributes(src_ports=None, negate_src_ports=False, dst_ports=None, negate_dst_ports=False, methods=['GET', 'HEAD'], negate_methods=False, paths=['/admin*'], negate_paths=True, hosts=['*.example.com'], negate_hosts=False)]; deny_list=[]>"
0.01147789997048676,1.00000761449337e-06,False,False,"<allow_list=[ConnectionAttributes(src_ports=[(30000, 32767)], negate_src_ports=False, dst_ports=[(30000, 32767)], negate_dst_ports=False, methods=None, negate_methods=False, paths=None, negate_paths=False, hosts=None, negate_hosts=False)]; deny_list=[ConnectionAttributes(src_ports=[9050], negate_src_ports=False, dst_ports=[9000], negate_dst_ports=False, methods=None, negate_methods=False, paths=None, negate_paths=False, hosts=None, negate_hosts=False), ConnectionAttributes(src_ports=[5555], negate_src_ports=False, dst_ports=[5555], negate_dst_ports=False, methods=None, negate_methods=False, paths=None, negate_paths=False, hosts=None, negate_hosts=False), ConnectionAttributes(src_ports=[3456], negate_src_ports=False, dst_ports=None, negate_dst_ports=False, methods=None, negate_methods=False, paths=None, negate_paths=False, hosts=None, negate_hosts=False), ConnectionAttributes(src_ports=None, negate_src_ports=False, dst_ports=[6543], negate_dst_ports=False, methods=None, negate_methods=False, paths=None, negate_paths=False, hosts=None, negate_hosts=False), ConnectionAttributes(src_ports=[(0, 1024)], negate_src_ports=True, dst_ports=[(0, 1024)], negate_dst_ports=True, methods=None, negate_methods=False, paths=None, negate_paths=False, hosts=None, negate_hosts=False), ConnectionAttributes(src_ports=None, negate_src_ports=False, dst_ports=None, negate_dst_ports=False, methods=['GET'], negate_methods=False, paths=['/info*'], negate_paths=False, hosts=None, negate_hosts=False), ConnectionAttributes(src_ports=None, negate_src_ports=False, dst_ports=None, negate_dst_ports=False, methods=['POST'], negate_methods=False, paths=['/data'], negate_paths=False, hosts=None, negate_hosts=False), ConnectionAttributes(src_ports=None, negate_src_ports=False, dst_ports=None, negate_dst_ports=False, methods=['GET', 'HEAD'], negate_methods=False, paths=['/admin*'], negate_paths=True, hosts=['*.example.com'], negate_hosts=False)]>"
0.01151059998665005,9.00006853044033e-07,False,False,"<allow_list=[ConnectionAttributes(src_ports=[(30000, 32767)], negate_src_ports=False, dst_ports=[(30000, 32767)], negate_dst_ports=False, methods=None, negate_methods=False, paths=None, negate_paths=False, hosts=None, negate_hosts=False), ConnectionAttributes(src_ports=[9050], negate_src_ports=False, dst_ports=[9000], negate_dst_ports=False, methods=None, negate_methods=False, paths=None, negate_paths=False, hosts=None, negate_hosts=False)]; deny_list=[ConnectionAttributes(src_ports=[5555], negate_src_ports=False, dst_ports=[5555], negate_dst_ports=False, methods=None, negate_methods=False, paths=None, negate_paths=False, hosts=None, negate_hosts=False), ConnectionAttributes(src_ports=[3456], negate_src_ports=False, dst_ports=None, negate_dst_ports=False, methods=None, negate_methods=False, paths=None, negate_paths=False, hosts=None, negate_hosts=False), ConnectionAttributes(src_ports=None, negate_src_ports=False, dst_ports=[6543], negate_dst_ports=False, methods=None, negate_methods=False, paths=None, negate_paths=False, hosts=None, negate_hosts=False), ConnectionAttributes(src_ports=[(0, 1024)], negate_src_ports=True, dst_ports=[(0, 1024)], negate_dst_ports=True, methods=None, negate_methods=False, paths=None, negate_paths=False, hosts=None, negate_hosts=False), ConnectionAttributes(src_ports=None, negate_src_ports=False, dst_ports=None, negate_dst_ports=False, methods=['GET'], negate_methods=False, paths=['/info*'], negate_paths=False, hosts=None, negate_hosts=False), ConnectionAttributes(src_ports=None, negate_src_ports=False, dst_ports=None, negate_dst_ports=False, methods=['POST'], negate_methods=False, paths=['/data'], negate_paths=False, hosts=None, negate_hosts=False), ConnectionAttributes(src_ports=None, negate_src_ports=False, dst_ports=None, negate_dst_ports=False, methods=['GET', 'HEAD'], negate_methods=False, paths=['/admin*'], negate_paths=True, hosts=['*.example.com'], negate_hosts=False)]>"
0.009508099989034235,5.999463610351086e-07,False,False,"<allow_list=[ConnectionAttributes(src_ports=[(30000, 32767)], negate_src_ports=False, dst_ports=[(30000, 32767)], negate_dst_ports=False, methods=None, negate_methods=False, paths=None, negate_paths=False, hosts=None, negate_hosts=False), ConnectionAttributes(src_ports=[9050], negate_src_ports=False, dst_ports=[9000], negate_dst_ports=False, methods=None, negate_methods=False, paths=None, negate_paths=False, hosts=None, negate_hosts=False), ConnectionAttributes(src_ports=[5555], negate_src_ports=False, dst_ports=[5555], negate_dst_ports=False, methods=None, negate_methods=False, paths=None, negate_paths=False, hosts=None, negate_hosts=False)]; deny_list=[ConnectionAttributes(src_ports=[3456], negate_src_ports=False, dst_ports=None, negate_dst_ports=False, methods=None, negate_methods=False, paths=None, negate_paths=False, hosts=None, negate_hosts=False), ConnectionAttributes(src_ports=None, negate_src_ports=False, dst_ports=[6543], negate_dst_ports=False, methods=None, negate_methods=False, paths=None, negate_paths=False, hosts=None, negate_hosts=False), ConnectionAttributes(src_ports=[(0, 1024)], negate_src_ports=True, dst_ports=[(0, 1024)], negate_dst_ports=True, methods=None, negate_methods=False, paths=None, negate_paths=False, hosts=None, negate_hosts=False), ConnectionAttributes(src_ports=None, negate_src_ports=False, dst_ports=None, negate_dst_ports=False, methods=['GET'], negate_methods=False, paths=['/info*'], negate_paths=False, hosts=None, negate_hosts=False), ConnectionAttributes(src_ports=None, negate_src_ports=False, dst_ports=None, negate_dst_ports=False, methods=['POST'], negate_methods=False, paths=['/data'], negate_paths=False, hosts=None, negate_hosts=False), ConnectionAttributes(src_ports=None, negate_src_ports=False, dst_ports=None, negate_dst_ports=False, methods=['GET', 'HEAD'], negate_methods=False, paths=['/admin*'], negate_paths=True, hosts=['*.example.com'], negate_hosts=False)]>"
0.023787499987520278,1.700012944638729e-06,True,True,"<allow_list=[ConnectionAttributes(src_ports=[(30000, 32767)], negate_src_ports=False, dst_ports=[(30000, 32767)], negate_dst_ports=False, methods=None, negate_methods=False, paths=None, negate_paths=False, hosts=None, negate_hosts=False), ConnectionAttributes(src_ports=[9050], negate_src_ports=False, dst_ports=[9000], negate_dst_ports=False, methods=None, negate_methods=False, paths=None, negate_paths=False, hosts=None, negate_hosts=False), ConnectionAttributes(src_ports=[5555], negate_src_ports=False, dst_ports=[5555], negate_dst_ports=False, methods=None, negate_methods=False, paths=None, negate_paths=False, hosts=None, negate_hosts=False), ConnectionAttributes(src_ports=[3456], negate_src_ports=False, dst_ports=None, negate_dst_ports=False, methods=None, negate_methods=False, paths=None, negate_paths=False, hosts=None, negate_hosts=False)]; deny_list=[ConnectionAttributes(src_ports=None, negate_src_ports=False, dst_ports=[6543], negate_dst_ports=False, methods=None, negate_methods=False, paths=None, negate_paths=False, hosts=None, negate_hosts=False), ConnectionAttributes(src_ports=[(0, 1024)], negate_src_ports=True, dst_ports=[(0, 1024)], negate_dst_ports=True, methods=None, negate_methods=False, paths=None, negate_paths=False, hosts=None, negate_hosts=False), ConnectionAttributes(src_ports=None, negate_src_ports=False, dst_ports=None, negate_dst_ports=False, methods=['GET'], negate_methods=False, paths=['/info*'], negate_paths=False, hosts=None, negate_hosts=False), ConnectionAttributes(src_ports=None, negate_src_ports=False, dst_ports=None, negate_dst_ports=False, methods=['POST'], negate_methods=False, paths=['/data'], negate_paths=False, hosts=None, negate_hosts=False), ConnectionAttributes(src_ports=None, negate_src_ports=False, dst_ports=None, negate_dst_ports=False, methods=['GET', 'HEAD'], negate_methods=False, paths=['/admin*'], negate_paths=True, hosts=['*.example.com'], negate_hosts=False)]>"
0.037492299976293,7.00005330145359e-07,True,True,"<allow_list=[ConnectionAttributes(src_ports=[(30000, 32767)], negate_src_ports=False, dst_ports=[(30000, 32767)], negate_dst_ports=False, methods=None, negate_methods=False, paths=None, negate_paths=False, hosts=None, negate_hosts=False), ConnectionAttributes(src_ports=[9050], negate_src_ports=False, dst_ports=[9000], negate_dst_ports=False, methods=None, negate_methods=False, paths=None, negate_paths=False, hosts=None, negate_hosts=False), ConnectionAttributes(src_ports=[5555], negate_src_ports=False, dst_ports=[5555], negate_dst_ports=False, methods=None, negate_methods=False, paths=None, negate_paths=False, hosts=None, negate_hosts=False), ConnectionAttributes(src_ports=[3456], negate_src_ports=False, dst_ports=None, negate_dst_ports=False, methods=None, negate_methods=False, paths=None, negate_paths=False, hosts=None, negate_hosts=False), ConnectionAttributes(src_ports=None, negate_src_ports=False, dst_ports=[6543], negate_dst_ports=False, methods=None, negate_methods=False, paths=None, negate_paths=False, hosts=None, negate_hosts=False)]; deny_list=[ConnectionAttributes(src_ports=[(0, 1024)], negate_src_ports=True, dst_ports=[(0, 1024)], negate_dst_ports=True, methods=None, negate_methods=False, paths=None, negate_paths=False, hosts=None, negate_hosts=False), ConnectionAttributes(src_ports=None, negate_src_ports=False, dst_ports=None, negate_dst_ports=False, methods=['GET'], negate_methods=False, paths=['/info*'], negate_paths=False, hosts=None, negate_hosts=False), ConnectionAttributes(src_ports=None, negate_src_ports=False, dst_ports=None, negate_dst_ports=False, methods=['POST'], negate_methods=False, paths=['/data'], negate_paths=False, hosts=None, negate_hosts=False), ConnectionAttributes(src_ports=None, negate_src_ports=False, dst_ports=None, negate_dst_ports=False, methods=['GET', 'HEAD'], negate_methods=False, paths=['/admin*'], negate_paths=True, hosts=['*.example.com'], negate_hosts=False)]>"
0.04612880002241582,8.00006091594696e-07,True,True,"<allow_list=[ConnectionAttributes(src_ports=[(30000, 32767)], negate_src_ports=False, dst_ports=[(30000, 32767)], negate_dst_ports=False, methods=None, negate_methods=False, paths=None, negate_paths=False, hosts=None, negate_hosts=False), ConnectionAttributes(src_ports=[9050], negate_src_ports=False, dst_ports=[9000], negate_dst_ports=False, methods=None, negate_methods=False, paths=None, negate_paths=False, hosts=None, negate_hosts=False), ConnectionAttributes(src_ports=[5555], negate_src_ports=False, dst_ports=[5555], negate_dst_ports=False, methods=None, negate_methods=False, paths=None, negate_paths=False, hosts=None, negate_hosts=False), ConnectionAttributes(src_ports=[3456], negate_src_ports=False, dst_ports=None, negate_dst_ports=False, methods=None, negate_methods=False, paths=None, negate_paths=False, hosts=None, negate_hosts=False), ConnectionAttributes(src_ports=None, negate_src_ports=False, dst_ports=[6543], negate_dst_ports=False, methods=None, negate_methods=False, paths=None, negate_paths=False, hosts=None, negate_hosts=False), ConnectionAttributes(src_ports=[(0, 1024)], negate_src_ports=True, dst_ports=[(0, 1024)], negate_dst_ports=True, methods=None, negate_methods=False, paths=None, negate_paths=False, hosts=None, negate_hosts=False)]; deny_list=[ConnectionAttributes(src_ports=None, negate_src_ports=False, dst_ports=None, negate_dst_ports=False, methods=['GET'], negate_methods=False, paths=['/info*'], negate_paths=False, hosts=None, negate_hosts=False), ConnectionAttributes(src_ports=None, negate_src_ports=False, dst_ports=None, negate_dst_ports=False, methods=['POST'], negate_methods=False, paths=['/data'], negate_paths=False, hosts=None, negate_hosts=False), ConnectionAttributes(src_ports=None, negate_src_ports=False, dst_ports=None, negate_dst_ports=False, methods=['GET', 'HEAD'], negate_methods=False, paths=['/admin*'], negate_paths=True, hosts=['*.example.com'], negate_hosts=False)]>"
0.028178000007756054,1.0999501682817936e-06,True,True,"<allow_list=[ConnectionAttributes(src_ports=[(30000, 32767)], negate_src_ports=False, dst_ports=[(30000, 32767)], negate_dst_ports=False, methods=None, negate_methods=False, paths=None, negate_paths=False, hosts=None, negate_hosts=False), ConnectionAttributes(src_ports=[9050], negate_src_ports=False, dst_ports=[9000], negate_dst_ports=False, methods=None, negate_methods=False, paths=None, negate_paths=False, hosts=None, negate_hosts=False), ConnectionAttributes(src_ports=[5555], negate_src_ports=False, dst_ports=[5555], negate_dst_ports=False, methods=None, negate_methods=False, paths=None, negate_paths=False, hosts=None, negate_hosts=False), ConnectionAttributes(src_ports=[3456], negate_src_ports=False, dst_ports=None, negate_dst_ports=False, methods=None, negate_methods=False, paths=None, negate_paths=False, hosts=None, negate_hosts=False), ConnectionAttributes(src_ports=None, negate_src_ports=False, dst_ports=[6543], negate_dst_ports=False, methods=None, negate_methods=False, paths=None, negate_paths=False, hosts=None, negate_hosts=False), ConnectionAttributes(src_ports=[(0, 1024)], negate_src_ports=True, dst_ports=[(0, 1024)], negate_dst_ports=True, methods=None, negate_methods=False, paths=None, negate_paths=False, hosts=None, negate_hosts=False), ConnectionAttributes(src_ports=None, negate_src_ports=False, dst_ports=None, negate_dst_ports=False, methods=['GET'], negate_methods=False, paths=['/info*'], negate_paths=False, hosts=None, negate_hosts=False)]; deny_list=[ConnectionAttributes(src_ports=None, negate_src_ports=False, dst_ports=None, negate_dst_ports=False, methods=['POST'], negate_methods=False, paths=['/data'], negate_paths=False, hosts=None, negate_hosts=False), ConnectionAttributes(src_ports=None, negate_src_ports=False, dst_ports=None, negate_dst_ports=False, methods=['GET', 'HEAD'], negate_methods=False, paths=['/admin*'], negate_paths=True, hosts=['*.example.com'], negate_hosts=False)]>"
0.042377500038128346,7.00005330145359e-07,True,True,"<allow_list=[ConnectionAttributes(src_ports=[(30000, 32767)], negate_src_ports=False, dst_ports=[(30000, 32767)], negate_dst_ports=False, methods=None, negate_methods=False, paths=None, negate_paths=False, hosts=None, negate_hosts=False), ConnectionAttributes(src_ports=[9050], negate_src_ports=False, dst_ports=[9000], negate_dst_ports=False, methods=None, negate_methods=False, paths=None, negate_paths=False, hosts=None, negate_hosts=False), ConnectionAttributes(src_ports=[5555], negate_src_ports=False, dst_ports=[5555], negate_dst_ports=False, methods=None, negate_methods=False, paths=None, negate_paths=False, hosts=None, negate_hosts=False), ConnectionAttributes(src_ports=[3456], negate_src_ports=False, dst_ports=None, negate_dst_ports=False, methods=None, negate_methods=False, paths=None, negate_paths=False, hosts=None, negate_hosts=False), ConnectionAttributes(src_ports=None, negate_src_ports=False, dst_ports=[6543], negate_dst_ports=False, methods=None, negate_methods=False, paths=None, negate_paths=False, hosts=None, negate_hosts=False), ConnectionAttributes(src_ports=[(0, 1024)], negate_src_ports=True, dst_ports=[(0, 1024)], negate_dst_ports=True, methods=None, negate_methods=False, paths=None, negate_paths=False, hosts=None, negate_hosts=False), ConnectionAttributes(src_ports=None, negate_src_ports=False, dst_ports=None, negate_dst_ports=False, methods=['GET'], negate_methods=False, paths=['/info*'], negate_paths=False, hosts=None, negate_hosts=False), ConnectionAttributes(src_ports=None, negate_src_ports=False, dst_ports=None, negate_dst_ports=False, methods=['POST'], negate_methods=False, paths=['/data'], negate_paths=False, hosts=None, negate_hosts=False)]; deny_list=[ConnectionAttributes(src_ports=None, negate_src_ports=False, dst_ports=None, negate_dst_ports=False, methods=['GET', 'HEAD'], negate_methods=False, paths=['/admin*'], negate_paths=True, hosts=['*.example.com'], negate_hosts=False)]>"
0.012669800024013966,8.00006091594696e-07,True,True,"<allow_list=[ConnectionAttributes(src_ports=[9050], negate_src_ports=False, dst_ports=[9000], negate_dst_ports=False, methods=None, negate_methods=False, paths=None, negate_paths=False, hosts=None, negate_hosts=False), ConnectionAttributes(src_ports=[5555], negate_src_ports=False, dst_ports=[5555], negate_dst_ports=False, methods=None, negate_methods=False, paths=None, negate_paths=False, hosts=None, negate_hosts=False), ConnectionAttributes(src_ports=[3456], negate_src_ports=False, dst_ports=None, negate_dst_ports=False, methods=None, negate_methods=False, paths=None, negate_paths=False, hosts=None, negate_hosts=False), ConnectionAttributes(src_ports=None, negate_src_ports=False, dst_ports=[6543], negate_dst_ports=False, methods=None, negate_methods=False, paths=None, negate_paths=False, hosts=None, negate_hosts=False), ConnectionAttributes(src_ports=[(0, 1024)], negate_src_ports=True, dst_ports=[(0, 1024)], negate_dst_ports=True, methods=None, negate_methods=False, paths=None, negate_paths=False, hosts=None, negate_hosts=False), ConnectionAttributes(src_ports=None, negate_src_ports=False, dst_ports=None, negate_dst_ports=False, methods=['GET'], negate_methods=False, paths=['/info*'], negate_paths=False, hosts=None, negate_hosts=False), ConnectionAttributes(src_ports=None, negate_src_ports=False, dst_ports=None, negate_dst_ports=False, methods=['POST'], negate_methods=False, paths=['/data'], negate_paths=False, hosts=None, negate_hosts=False), ConnectionAttributes(src_ports=None, negate_src_ports=False, dst_ports=None, negate_dst_ports=False, methods=['GET', 'HEAD'], negate_methods=False, paths=['/admin*'], negate_paths=True, hosts=['*.example.com'], negate_hosts=False)]; deny_list=[ConnectionAttributes(src_ports=[(30000, 32767)], negate_src_ports=False, dst_ports=[(30000, 32767)], negate_dst_ports=False, methods=None, negate_methods=False, paths=None, negate_paths=False, hosts=None, negate_hosts=False)]>"
0.0177212999551557,8.00006091594696e-07,True,True,"<allow_list=[ConnectionAttributes(src_ports=[5555], negate_src_ports=False, dst_ports=[5555], negate_dst_ports=False, methods=None, negate_methods=False, paths=None, negate_paths=False, hosts=None, negate_hosts=False), ConnectionAttributes(src_ports=[3456], negate_src_ports=False, dst_ports=None, negate_dst_ports=False, methods=None, negate_methods=False, paths=None, negate_paths=False, hosts=None, negate_hosts=False), ConnectionAttributes(src_ports=None, negate_src_ports=False, dst_ports=[6543], negate_dst_ports=False, methods=None, negate_methods=False, paths=None, negate_paths=False, hosts=None, negate_hosts=False), ConnectionAttributes(src_ports=[(0, 1024)], negate_src_ports=True, dst_ports=[(0, 1024)], negate_dst_ports=True, methods=None, negate_methods=False, paths=None, negate_paths=False, hosts=None, negate_hosts=False), ConnectionAttributes(src_ports=None, negate_src_ports=False, dst_ports=None, negate_dst_ports=False, methods=['GET'], negate_methods=False, paths=['/info*'], negate_paths=False, hosts=None, negate_hosts=False), ConnectionAttributes(src_ports=None, negate_src_ports=False, dst_ports=None, negate_dst_ports=False, methods=['POST'], negate_methods=False, paths=['/data'], negate_paths=False, hosts=None, negate_hosts=False), ConnectionAttributes(src_ports=None, negate_src_ports=False, dst_ports=None, negate_dst_ports=False, methods=['GET', 'HEAD'], negate_methods=False, paths=['/admin*'], negate_paths=True, hosts=['*.example.com'], negate_hosts=False)]; deny_list=[ConnectionAttributes(src_ports=[(30000, 32767)], negate_src_ports=False, dst_ports=[(30000, 32767)], negate_dst_ports=False, methods=None, negate_methods=False, paths=None, negate_paths=False, hosts=None, negate_hosts=False), ConnectionAttributes(src_ports=[9050], negate_src_ports=False, dst_ports=[9000], negate_dst_ports=False, methods=None, negate_methods=False, paths=None, negate_paths=False, hosts=None, negate_hosts=False)]>"
0.019631600007414818,1.00000761449337e-06,True,True,"<allow_list=[ConnectionAttributes(src_ports=[3456], negate_src_ports=False, dst_ports=None, negate_dst_ports=False, methods=None, negate_methods=False, paths=None, negate_paths=False, hosts=None, negate_hosts=False), ConnectionAttributes(src_ports=None, negate_src_ports=False, dst_ports=[6543], negate_dst_ports=False, methods=None, negate_methods=False, paths=None, negate_paths=False, hosts=None, negate_hosts=False), ConnectionAttributes(src_ports=[(0, 1024)], negate_src_ports=True, dst_ports=[(0, 1024)], negate_dst_ports=True, methods=None, negate_methods=False, paths=None, negate_paths=False, hosts=None, negate_hosts=False), ConnectionAttributes(src_ports=None, negate_src_ports=False, dst_ports=None, negate_dst_ports=False, methods=['GET'], negate_methods=False, paths=['/info*'], negate_paths=False, hosts=None, negate_hosts=False), ConnectionAttributes(src_ports=None, negate_src_ports=False, dst_ports=None, negate_dst_ports=False, methods=['POST'], negate_methods=False, paths=['/data'], negate_paths=False, hosts=None, negate_hosts=False), ConnectionAttributes(src_ports=None, negate_src_ports=False, dst_ports=None, negate_dst_ports=False, methods=['GET', 'HEAD'], negate_methods=False, paths=['/admin*'], negate_paths=True, hosts=['*.example.com'], negate_hosts=False)]; deny_list=[ConnectionAttributes(src_ports=[(30000, 32767)], negate_src_ports=False, dst_ports=[(30000, 32767)], negate_dst_ports=False, methods=None, negate_methods=False, paths=None, negate_paths=False, hosts=None, negate_hosts=False), ConnectionAttributes(src_ports=[9050], negate_src_ports=False, dst_ports=[9000], negate_dst_ports=False, methods=None, negate_methods=False, paths=None, negate_paths=False, hosts=None, negate_hosts=False), ConnectionAttributes(src_ports=[5555], negate_src_ports=False, dst_ports=[5555], negate_dst_ports=False, methods=None, negate_methods=False, paths=None, negate_paths=False, hosts=None, negate_hosts=False)]>"
0.020925100019667298,9.00006853044033e-07,True,True,"<allow_list=[ConnectionAttributes(src_ports=None, negate_src_ports=False, dst_ports=[6543], negate_dst_ports=False, methods=None, negate_methods=False, paths=None, negate_paths=False, hosts=None, negate_hosts=False), ConnectionAttributes(src_ports=[(0, 1024)], negate_src_ports=True, dst_ports=[(0, 1024)], negate_dst_ports=True, methods=None, negate_methods=False, paths=None, negate_paths=False, hosts=None, negate_hosts=False), ConnectionAttributes(src_ports=None, negate_src_ports=False, dst_ports=None, negate_dst_ports=False, methods=['GET'], negate_methods=False, paths=['/info*'], negate_paths=False, hosts=None, negate_hosts=False), ConnectionAttributes(src_ports=None, negate_src_ports=False, dst_ports=None, negate_dst_ports=False, methods=['POST'], negate_methods=False, paths=['/data'], negate_paths=False, hosts=None, negate_hosts=False), ConnectionAttributes(src_ports=None, negate_src_ports=False, dst_ports=None, negate_dst_ports=False, methods=['GET', 'HEAD'], negate_methods=False, paths=['/admin*'], negate_paths=True, hosts=['*.example.com'], negate_hosts=False)]; deny_list=[ConnectionAttributes(src_ports=[(30000, 32767)], negate_src_ports=False, dst_ports=[(30000, 32767)], negate_dst_ports=False, methods=None, negate_methods=False, paths=None, negate_paths=False, hosts=None, negate_hosts=False), ConnectionAttributes(src_ports=[9050], negate_src_ports=False, dst_ports=[9000], negate_dst_ports=False, methods=None, negate_methods=False, paths=None, negate_paths=False, hosts=None, negate_hosts=False), ConnectionAttributes(src_ports=[5555], negate_src_ports=False, dst_ports=[5555], negate_dst_ports=False, methods=None, negate_methods=False, paths=None, negate_paths=False, hosts=None, negate_hosts=False), ConnectionAttributes(src_ports=[3456], negate_src_ports=False, dst_ports=None, negate_dst_ports=False, methods=None, negate_methods=False, paths=None, negate_paths=False, hosts=None, negate_hosts=False)]>"
0.014588400023058057,1.00000761449337e-06,True,True,"<allow_list=[ConnectionAttributes(src_ports=[(0, 1024)], negate_src_ports=True, dst_ports=[(0, 1024)], negate_dst_ports=True, methods=None, negate_methods=False, paths=None, negate_paths=False, hosts=None, negate_hosts=False), ConnectionAttributes(src_ports=None, negate_src_ports=False, dst_ports=None, negate_dst_ports=False, methods=['GET'], negate_methods=False, paths=['/info*'], negate_paths=False, hosts=None, negate_hosts=False), ConnectionAttributes(src_ports=None, negate_src_ports=False, dst_ports=None, negate_dst_ports=False, methods=['POST'], negate_methods=False, paths=['/data'], negate_paths=False, hosts=None, negate_hosts=False), ConnectionAttributes(src_ports=None, negate_src_ports=False, dst_ports=None, negate_dst_ports=False, methods=['GET', 'HEAD'], negate_methods=False, paths=['/admin*'], negate_paths=True, hosts=['*.example.com'], negate_hosts=False)]; deny_list=[ConnectionAttributes(src_ports=[(30000, 32767)], negate_src_ports=False, dst_ports=[(30000, 32767)], negate_dst_ports=False, methods=None, negate_methods=False, paths=None, negate_paths=False, hosts=None, negate_hosts=False), ConnectionAttributes(src_ports=[9050], negate_src_ports=False, dst_ports=[9000], negate_dst_ports=False, methods=None, negate_methods=False, paths=None, negate_paths=False, hosts=None, negate_hosts=False), ConnectionAttributes(src_ports=[5555], negate_src_ports=False, dst_ports=[5555], negate_dst_ports=False, methods=None, negate_methods=False, paths=None, negate_paths=False, hosts=None, negate_hosts=False), ConnectionAttributes(src_ports=[3456], negate_src_ports=False, dst_ports=None, negate_dst_ports=False, methods=None, negate_methods=False, paths=None, negate_paths=False, hosts=None, negate_hosts=False), ConnectionAttributes(src_ports=None, negate_src_ports=False, dst_ports=[6543], negate_dst_ports=False, methods=None, negate_methods=False, paths=None, negate_paths=False, hosts=None, negate_hosts=False)]>"
0.013972699991427362,1.00000761449337e-06,True,True,"<allow_list=[ConnectionAttributes(src_ports=None, negate_src_ports=False, dst_ports=None, negate_dst_ports=False, methods=['GET'], negate_methods=False, paths=['/info*'], negate_paths=False, hosts=None, negate_hosts=False), ConnectionAttributes(src_ports=None, negate_src_ports=False, dst_ports=None, negate_dst_ports=False, methods=['POST'], negate_methods=False, paths=['/data'], negate_paths=False, hosts=None, negate_hosts=False), ConnectionAttributes(src_ports=None, negate_src_ports=False, dst_ports=None, negate_dst_ports=False, methods=['GET', 'HEAD'], negate_methods=False, paths=['/admin*'], negate_paths=True, hosts=['*.example.com'], negate_hosts=False)]; deny_list=[ConnectionAttributes(src_ports=[(30000, 32767)], negate_src_ports=False, dst_ports=[(30000, 32767)], negate_dst_ports=False, methods=None, negate_methods=False, paths=None, negate_paths=False, hosts=None, negate_hosts=False), ConnectionAttributes(src_ports=[9050], negate_src_ports=False, dst_ports=[9000], negate_dst_ports=False, methods=None, negate_methods=False, paths=None, negate_paths=False, hosts=None, negate_hosts=False), ConnectionAttributes(src_ports=[5555], negate_src_ports=False, dst_ports=[5555], negate_dst_ports=False, methods=None, negate_methods=False, paths=None, negate_paths=False, hosts=None, negate_hosts=False), ConnectionAttributes(src_ports=[3456], negate_src_ports=False, dst_ports=None, negate_dst_ports=False, methods=None, negate_methods=False, paths=None, negate_paths=False, hosts=None, negate_hosts=False), ConnectionAttributes(src_ports=None, negate_src_ports=False, dst_ports=[6543], negate_dst_ports=False, methods=None, negate_methods=False, paths=None, negate_paths=False, hosts=None, negate_hosts=False), ConnectionAttributes(src_ports=[(0, 1024)], negate_src_ports=True, dst_ports=[(0, 1024)], negate_dst_ports=True, methods=None, negate_methods=False, paths=None, negate_paths=False, hosts=None, negate_hosts=False)]>"
0.012504099984653294,1.300009898841381e-06,True,True,"<allow_list=[ConnectionAttributes(src_ports=None, negate_src_ports=False, dst_ports=None, negate_dst_ports=False, methods=['POST'], negate_methods=False, paths=['/data'], negate_paths=False, hosts=None, negate_hosts=False), ConnectionAttributes(src_ports=None, negate_src_ports=False, dst_ports=None, negate_dst_ports=False, methods=['GET', 'HEAD'], negate_methods=False, paths=['/admin*'], negate_paths=True, hosts=['*.example.com'], negate_hosts=False)]; deny_list=[ConnectionAttributes(src_ports=[(30000, 32767)], negate_src_ports=False, dst_ports=[(30000, 32767)], negate_dst_ports=False, methods=None, negate_methods=False, paths=None, negate_paths=False, hosts=None, negate_hosts=False), ConnectionAttributes(src_ports=[9050], negate_src_ports=False, dst_ports=[9000], negate_dst_ports=False, methods=None, negate_methods=False, paths=None, negate_paths=False, hosts=None, negate_hosts=False), ConnectionAttributes(src_ports=[5555], negate_src_ports=False, dst_ports=[5555], negate_dst_ports=False, methods=None, negate_methods=False, paths=None, negate_paths=False, hosts=None, negate_hosts=False), ConnectionAttributes(src_ports=[3456], negate_src_ports=False, dst_ports=None, negate_dst_ports=False, methods=None, negate_methods=False, paths=None, negate_paths=False, hosts=None, negate_hosts=False), ConnectionAttributes(src_ports=None, negate_src_ports=False, dst_ports=[6543], negate_dst_ports=False, methods=None, negate_methods=False, paths=None, negate_paths=False, hosts=None, negate_hosts=False), ConnectionAttributes(src_ports=[(0, 1024)], negate_src_ports=True, dst_ports=[(0, 1024)], negate_dst_ports=True, methods=None, negate_methods=False, paths=None, negate_paths=False, hosts=None, negate_hosts=False), ConnectionAttributes(src_ports=None, negate_src_ports=False, dst_ports=None, negate_dst_ports=False, methods=['GET'], negate_methods=False, paths=['/info*'], negate_paths=False, hosts=None, negate_hosts=False)]>"
0.025052800017874688,7.00005330145359e-07,True,True,"<allow_list=[ConnectionAttributes(src_ports=None, negate_src_ports=False, dst_ports=None, negate_dst_ports=False, methods=['GET', 'HEAD'], negate_methods=False, paths=['/admin*'], negate_paths=True, hosts=['*.example.com'], negate_hosts=False)]; deny_list=[ConnectionAttributes(src_ports=[(30000, 32767)], negate_src_ports=False, dst_ports=[(30000, 32767)], negate_dst_ports=False, methods=None, negate_methods=False, paths=None, negate_paths=False, hosts=None, negate_hosts=False), ConnectionAttributes(src_ports=[9050], negate_src_ports=False, dst_ports=[9000], negate_dst_ports=False, methods=None, negate_methods=False, paths=None, negate_paths=False, hosts=None, negate_hosts=False), ConnectionAttributes(src_ports=[5555], negate_src_ports=False, dst_ports=[5555], negate_dst_ports=False, methods=None, negate_methods=False, paths=None, negate_paths=False, hosts=None, negate_hosts=False), ConnectionAttributes(src_ports=[3456], negate_src_ports=False, dst_ports=None, negate_dst_ports=False, methods=None, negate_methods=False, paths=None, negate_paths=False, hosts=None, negate_hosts=False), ConnectionAttributes(src_ports=None, negate_src_ports=False, dst_ports=[6543], negate_dst_ports=False, methods=None, negate_methods=False, paths=None, negate_paths=False, hosts=None, negate_hosts=False), ConnectionAttributes(src_ports=[(0, 1024)], negate_src_ports=True, dst_ports=[(0, 1024)], negate_dst_ports=True, methods=None, negate_methods=False, paths=None, negate_paths=False, hosts=None, negate_hosts=False), ConnectionAttributes(src_ports=None, negate_src_ports=False, dst_ports=None, negate_dst_ports=False, methods=['GET'], negate_methods=False, paths=['/info*'], negate_paths=False, hosts=None, negate_hosts=False), ConnectionAttributes(src_ports=None, negate_src_ports=False, dst_ports=None, negate_dst_ports=False, methods=['POST'], negate_methods=False, paths=['/data'], negate_paths=False, hosts=None, negate_hosts=False)]>"
0.011559800012037158,9.00006853044033e-07,True,True,"<allow_list=[ConnectionAttributes(src_ports=[(30000, 32767)], negate_src_ports=False, dst_ports=[(30000, 32767)], negate_dst_ports=False, methods=None, negate_methods=False, paths=None, negate_paths=False, hosts=None, negate_hosts=False), ConnectionAttributes(src_ports=[5555], negate_src_ports=False, dst_ports=[5555], negate_dst_ports=False, methods=None, negate_methods=False, paths=None, negate_paths=False, hosts=None, negate_hosts=False), ConnectionAttributes(src_ports=None, negate_src_ports=False, dst_ports=[6543], negate_dst_ports=False, methods=None, negate_methods=False, paths=None, negate_paths=False, hosts=None, negate_hosts=False), ConnectionAttributes(src_ports=None, negate_src_ports=False, dst_ports=None, negate_dst_ports=False, methods=['GET'], negate_methods=False, paths=['/info*'], negate_paths=False, hosts=None, negate_hosts=False), ConnectionAttributes(src_ports=None, negate_src_ports=False, dst_ports=None, negate_dst_ports=False, methods=['GET', 'HEAD'], negate_methods=False, paths=['/admin*'], negate_paths=True, hosts=['*.example.com'], negate_hosts=False)]; deny_list=[]>"
0.011542599997483194,8.00006091594696e-07,True,True,"<allow_list=[ConnectionAttributes(src_ports=[9050], negate_src_ports=False, dst_ports=[9000], negate_dst_ports=False, methods=None, negate_methods=False, paths=None, negate_paths=False, hosts=None, negate_hosts=False), ConnectionAttributes(src_ports=[3456], negate_src_ports=False, dst_ports=None, negate_dst_ports=False, methods=None, negate_methods=False, paths=None, negate_paths=False, hosts=None, negate_hosts=False), ConnectionAttributes(src_ports=[(0, 1024)], negate_src_ports=True, dst_ports=[(0, 1024)], negate_dst_ports=True, methods=None, negate_methods=False, paths=None, negate_paths=False, hosts=None, negate_hosts=False), ConnectionAttributes(src_ports=None, negate_src_ports=False, dst_ports=None, negate_dst_ports=False, methods=['POST'], negate_methods=False, paths=['/data'], negate_paths=False, hosts=None, negate_hosts=False)]; deny_list=[]>"
0.04300940001849085,9.00006853044033e-07,True,True,"<allow_list=[ConnectionAttributes(src_ports=[(30000, 32767)], negate_src_ports=False, dst_ports=[(30000, 32767)], negate_dst_ports=False, methods=None, negate_methods=False, paths=None, negate_paths=False, hosts=None, negate_hosts=False), ConnectionAttributes(src_ports=[5555], negate_src_ports=False, dst_ports=[5555], negate_dst_ports=False, methods=None, negate_methods=False, paths=None, negate_paths=False, hosts=None, negate_hosts=False), ConnectionAttributes(src_ports=None, negate_src_ports=False, dst_ports=[6543], negate_dst_ports=False, methods=None, negate_methods=False, paths=None, negate_paths=False, hosts=None, negate_hosts=False), ConnectionAttributes(src_ports=None, negate_src_ports=False, dst_ports=None, negate_dst_ports=False, methods=['GET'], negate_methods=False, paths=['/info*'], negate_paths=False, hosts=None, negate_hosts=False), ConnectionAttributes(src_ports=None, negate_src_ports=False, dst_ports=None, negate_dst_ports=False, methods=['GET', 'HEAD'], negate_methods=False, paths=['/admin*'], negate_paths=True, hosts=['*.example.com'], negate_hosts=False)]; deny_list=[ConnectionAttributes(src_ports=[9050], negate_src_ports=False, dst_ports=[9000], negate_dst_ports=False, methods=None, negate_methods=False, paths=None, negate_paths=False, hosts=None, negate_hosts=False), ConnectionAttributes(src_ports=[3456], negate_src_ports=False, dst_ports=None, negate_dst_ports=False, methods=None, negate_methods=False, paths=None, negate_paths=False, hosts=None, negate_hosts=False), ConnectionAttributes(src_ports=[(0, 1024)], negate_src_ports=True, dst_ports=[(0, 1024)], negate_dst_ports=True, methods=None, negate_methods=False, paths=None, negate_paths=False, hosts=None, negate_hosts=False), ConnectionAttributes(src_ports=None, negate_src_ports=False, dst_ports=None, negate_dst_ports=False, methods=['POST'], negate_methods=False, paths=['/data'], negate_paths=False, hosts=None, negate_hosts=False)]>"
0.02469990000827238,7.999478839337826e-07,True,True,"<allow_list=[ConnectionAttributes(src_ports=[9050], negate_src_ports=False, dst_ports=[9000], negate_dst_ports=False, methods=None, negate_methods=False, paths=None, negate_paths=False, hosts=None, negate_hosts=False), ConnectionAttributes(src_ports=[3456], negate_src_ports=False, dst_ports=None, negate_dst_ports=False, methods=None, negate_methods=False, paths=None, negate_paths=False, hosts=None, negate_hosts=False), ConnectionAttributes(src_ports=[(0, 1024)], negate_src_ports=True, dst_ports=[(0, 1024)], negate_dst_ports=True, methods=None, negate_methods=False, paths=None, negate_paths=False, hosts=None, negate_hosts=False), ConnectionAttributes(src_ports=None, negate_src_ports=False, dst_ports=None, negate_dst_ports=False, methods=['POST'], negate_methods=False, paths=['/data'], negate_paths=False, hosts=None, negate_hosts=False)]; deny_list=[ConnectionAttributes(src_ports=[(30000, 32767)], negate_src_ports=False, dst_ports=[(30000, 32767)], negate_dst_ports=False, methods=None, negate_methods=False, paths=None, negate_paths=False, hosts=None, negate_hosts=False), ConnectionAttributes(src_ports=[5555], negate_src_ports=False, dst_ports=[5555], negate_dst_ports=False, methods=None, negate_methods=False, paths=None, negate_paths=False, hosts=None, negate_hosts=False), ConnectionAttributes(src_ports=None, negate_src_ports=False, dst_ports=[6543], negate_dst_ports=False, methods=None, negate_methods=False, paths=None, negate_paths=False, hosts=None, negate_hosts=False), ConnectionAttributes(src_ports=None, negate_src_ports=False, dst_ports=None, negate_dst_ports=False, methods=['GET'], negate_methods=False, paths=['/info*'], negate_paths=False, hosts=None, negate_hosts=False), ConnectionAttributes(src_ports=None, negate_src_ports=False, dst_ports=None, negate_dst_ports=False, methods=['GET', 'HEAD'], negate_methods=False, paths=['/admin*'], negate_paths=True, hosts=['*.example.com'], negate_hosts=False)]>"
